Partida,Resultado,Vitorias 1,Vitorias 2,Velhas
0,1,1,0,0
1,1,2,0,0
2,1,3,0,0
3,1,4,0,0
4,1,5,0,0
5,1,6,0,0
6,1,7,0,0
7,1,8,0,0
8,1,9,0,0
9,1,10,0,0
10,1,11,0,0
11,1,12,0,0
12,1,13,0,0
13,1,14,0,0
14,1,15,0,0
15,0,15,0,1
16,1,16,0,1
17,1,17,0,1
18,1,18,0,1
19,1,19,0,1
20,1,20,0,1
21,1,21,0,1
22,1,22,0,1
23,1,23,0,1
24,1,24,0,1
25,1,25,0,1
26,1,26,0,1
27,1,27,0,1
28,1,28,0,1
29,1,29,0,1
30,1,30,0,1
31,0,30,0,2
32,1,31,0,2
33,1,32,0,2
34,1,33,0,2
35,1,34,0,2
36,1,35,0,2
37,1,36,0,2
38,1,37,0,2
39,1,38,0,2
40,1,39,0,2
41,1,40,0,2
42,1,41,0,2
43,1,42,0,2
44,0,42,0,3
45,1,43,0,3
46,0,43,0,4
47,1,44,0,4
48,1,45,0,4
49,1,46,0,4
50,1,47,0,4
51,1,48,0,4
52,1,49,0,4
53,1,50,0,4
54,1,51,0,4
55,1,52,0,4
56,1,53,0,4
57,1,54,0,4
58,1,55,0,4
59,1,56,0,4
60,1,57,0,4
61,2,57,1,4
62,1,58,1,4
63,1,59,1,4
64,1,60,1,4
65,1,61,1,4
66,1,62,1,4
67,1,63,1,4
68,1,64,1,4
69,0,64,1,5
70,1,65,1,5
71,1,66,1,5
72,1,67,1,5
73,1,68,1,5
74,1,69,1,5
75,1,70,1,5
76,1,71,1,5
77,1,72,1,5
78,1,73,1,5
79,1,74,1,5
80,1,75,1,5
81,0,75,1,6
82,1,76,1,6
83,1,77,1,6
84,1,78,1,6
85,1,79,1,6
86,0,79,1,7
87,1,80,1,7
88,1,81,1,7
89,1,82,1,7
90,1,83,1,7
91,0,83,1,8
92,1,84,1,8
93,0,84,1,9
94,1,85,1,9
95,1,86,1,9
96,1,87,1,9
97,1,88,1,9
98,0,88,1,10
99,1,89,1,10
100,1,90,1,10
101,1,91,1,10
102,1,92,1,10
103,1,93,1,10
104,1,94,1,10
105,1,95,1,10
106,1,96,1,10
107,1,97,1,10
108,1,98,1,10
109,1,99,1,10
110,1,100,1,10
111,1,101,1,10
112,1,102,1,10
113,1,103,1,10
114,1,104,1,10
115,1,105,1,10
116,1,106,1,10
117,1,107,1,10
118,0,107,1,11
119,1,108,1,11
120,1,109,1,11
121,1,110,1,11
122,1,111,1,11
123,0,111,1,12
124,1,112,1,12
125,1,113,1,12
126,1,114,1,12
127,1,115,1,12
128,1,116,1,12
129,1,117,1,12
130,2,117,2,12
131,1,118,2,12
132,0,118,2,13
133,1,119,2,13
134,1,120,2,13
135,1,121,2,13
136,1,122,2,13
137,2,122,3,13
138,1,123,3,13
139,1,124,3,13
140,1,125,3,13
141,1,126,3,13
142,1,127,3,13
143,1,128,3,13
144,1,129,3,13
145,1,130,3,13
146,1,131,3,13
147,1,132,3,13
148,1,133,3,13
149,1,134,3,13
150,1,135,3,13
151,1,136,3,13
152,1,137,3,13
153,1,138,3,13
154,1,139,3,13
155,1,140,3,13
156,1,141,3,13
157,1,142,3,13
158,1,143,3,13
159,1,144,3,13
160,1,145,3,13
161,1,146,3,13
162,0,146,3,14
163,1,147,3,14
164,1,148,3,14
165,1,149,3,14
166,1,150,3,14
167,1,151,3,14
168,1,152,3,14
169,0,152,3,15
170,1,153,3,15
171,1,154,3,15
172,1,155,3,15
173,1,156,3,15
174,1,157,3,15
175,1,158,3,15
176,1,159,3,15
177,1,160,3,15
178,1,161,3,15
179,1,162,3,15
180,1,163,3,15
181,1,164,3,15
182,1,165,3,15
183,1,166,3,15
184,1,167,3,15
185,1,168,3,15
186,1,169,3,15
187,1,170,3,15
188,1,171,3,15
189,1,172,3,15
190,1,173,3,15
191,1,174,3,15
192,2,174,4,15
193,1,175,4,15
194,1,176,4,15
195,1,177,4,15
196,1,178,4,15
197,1,179,4,15
198,1,180,4,15
199,0,180,4,16
200,1,181,4,16
201,1,182,4,16
202,0,182,4,17
203,1,183,4,17
204,1,184,4,17
205,1,185,4,17
206,1,186,4,17
207,1,187,4,17
208,1,188,4,17
209,1,189,4,17
210,1,190,4,17
211,1,191,4,17
212,1,192,4,17
213,1,193,4,17
214,1,194,4,17
215,1,195,4,17
216,1,196,4,17
217,1,197,4,17
218,1,198,4,17
219,1,199,4,17
220,1,200,4,17
221,1,201,4,17
222,2,201,5,17
223,1,202,5,17
224,1,203,5,17
225,1,204,5,17
226,1,205,5,17
227,1,206,5,17
228,1,207,5,17
229,1,208,5,17
230,1,209,5,17
231,1,210,5,17
232,1,211,5,17
233,0,211,5,18
234,1,212,5,18
235,1,213,5,18
236,1,214,5,18
237,0,214,5,19
238,1,215,5,19
239,1,216,5,19
240,1,217,5,19
241,1,218,5,19
242,1,219,5,19
243,1,220,5,19
244,1,221,5,19
245,1,222,5,19
246,2,222,6,19
247,1,223,6,19
248,1,224,6,19
249,1,225,6,19
250,1,226,6,19
251,1,227,6,19
252,1,228,6,19
253,1,229,6,19
254,1,230,6,19
255,1,231,6,19
256,1,232,6,19
257,1,233,6,19
258,1,234,6,19
259,1,235,6,19
260,1,236,6,19
261,1,237,6,19
262,1,238,6,19
263,1,239,6,19
264,1,240,6,19
265,1,241,6,19
266,1,242,6,19
267,1,243,6,19
268,1,244,6,19
269,1,245,6,19
270,1,246,6,19
271,1,247,6,19
272,1,248,6,19
273,1,249,6,19
274,1,250,6,19
275,1,251,6,19
276,1,252,6,19
277,2,252,7,19
278,1,253,7,19
279,1,254,7,19
280,1,255,7,19
281,1,256,7,19
282,1,257,7,19
283,1,258,7,19
284,2,258,8,19
285,1,259,8,19
286,1,260,8,19
287,1,261,8,19
288,2,261,9,19
289,1,262,9,19
290,1,263,9,19
291,1,264,9,19
292,1,265,9,19
293,1,266,9,19
294,1,267,9,19
295,1,268,9,19
296,2,268,10,19
297,1,269,10,19
298,1,270,10,19
299,1,271,10,19
300,1,272,10,19
301,1,273,10,19
302,1,274,10,19
303,0,274,10,20
304,1,275,10,20
305,1,276,10,20
306,1,277,10,20
307,1,278,10,20
308,2,278,11,20
309,1,279,11,20
310,1,280,11,20
311,1,281,11,20
312,1,282,11,20
313,1,283,11,20
314,1,284,11,20
315,0,284,11,21
316,2,284,12,21
317,1,285,12,21
318,2,285,13,21
319,1,286,13,21
320,1,287,13,21
321,1,288,13,21
322,1,289,13,21
323,2,289,14,21
324,1,290,14,21
325,1,291,14,21
326,1,292,14,21
327,1,293,14,21
328,1,294,14,21
329,1,295,14,21
330,1,296,14,21
331,1,297,14,21
332,1,298,14,21
333,1,299,14,21
334,1,300,14,21
335,1,301,14,21
336,1,302,14,21
337,1,303,14,21
338,1,304,14,21
339,1,305,14,21
340,1,306,14,21
341,1,307,14,21
342,1,308,14,21
343,1,309,14,21
344,1,310,14,21
345,1,311,14,21
346,1,312,14,21
347,1,313,14,21
348,1,314,14,21
349,1,315,14,21
350,1,316,14,21
351,1,317,14,21
352,1,318,14,21
353,1,319,14,21
354,1,320,14,21
355,1,321,14,21
356,1,322,14,21
357,1,323,14,21
358,1,324,14,21
359,1,325,14,21
360,1,326,14,21
361,0,326,14,22
362,1,327,14,22
363,1,328,14,22
364,1,329,14,22
365,1,330,14,22
366,1,331,14,22
367,0,331,14,23
368,1,332,14,23
369,1,333,14,23
370,1,334,14,23
371,0,334,14,24
372,1,335,14,24
373,1,336,14,24
374,1,337,14,24
375,1,338,14,24
376,1,339,14,24
377,1,340,14,24
378,1,341,14,24
379,0,341,14,25
380,1,342,14,25
381,1,343,14,25
382,1,344,14,25
383,1,345,14,25
384,0,345,14,26
385,0,345,14,27
386,1,346,14,27
387,1,347,14,27
388,1,348,14,27
389,2,348,15,27
390,1,349,15,27
391,1,350,15,27
392,1,351,15,27
393,1,352,15,27
394,1,353,15,27
395,0,353,15,28
396,1,354,15,28
397,1,355,15,28
398,1,356,15,28
399,1,357,15,28
400,1,358,15,28
401,1,359,15,28
402,1,360,15,28
403,1,361,15,28
404,1,362,15,28
405,1,363,15,28
406,1,364,15,28
407,1,365,15,28
408,1,366,15,28
409,1,367,15,28
410,1,368,15,28
411,1,369,15,28
412,1,370,15,28
413,1,371,15,28
414,1,372,15,28
415,1,373,15,28
416,1,374,15,28
417,1,375,15,28
418,1,376,15,28
419,1,377,15,28
420,1,378,15,28
421,1,379,15,28
422,1,380,15,28
423,1,381,15,28
424,1,382,15,28
425,1,383,15,28
426,1,384,15,28
427,1,385,15,28
428,1,386,15,28
429,1,387,15,28
430,1,388,15,28
431,1,389,15,28
432,1,390,15,28
433,1,391,15,28
434,1,392,15,28
435,1,393,15,28
436,1,394,15,28
437,1,395,15,28
438,1,396,15,28
439,1,397,15,28
440,2,397,16,28
441,1,398,16,28
442,1,399,16,28
443,1,400,16,28
444,1,401,16,28
445,1,402,16,28
446,1,403,16,28
447,1,404,16,28
448,1,405,16,28
449,1,406,16,28
450,1,407,16,28
451,1,408,16,28
452,1,409,16,28
453,1,410,16,28
454,1,411,16,28
455,1,412,16,28
456,1,413,16,28
457,2,413,17,28
458,1,414,17,28
459,1,415,17,28
460,1,416,17,28
461,1,417,17,28
462,1,418,17,28
463,0,418,17,29
464,1,419,17,29
465,1,420,17,29
466,1,421,17,29
467,1,422,17,29
468,1,423,17,29
469,1,424,17,29
470,1,425,17,29
471,1,426,17,29
472,1,427,17,29
473,1,428,17,29
474,1,429,17,29
475,1,430,17,29
476,1,431,17,29
477,1,432,17,29
478,1,433,17,29
479,1,434,17,29
480,1,435,17,29
481,1,436,17,29
482,1,437,17,29
483,1,438,17,29
484,1,439,17,29
485,1,440,17,29
486,1,441,17,29
487,1,442,17,29
488,1,443,17,29
489,1,444,17,29
490,1,445,17,29
491,1,446,17,29
492,1,447,17,29
493,1,448,17,29
494,1,449,17,29
495,1,450,17,29
496,1,451,17,29
497,1,452,17,29
498,1,453,17,29
499,1,454,17,29
500,1,455,17,29
501,1,456,17,29
502,1,457,17,29
503,2,457,18,29
504,1,458,18,29
505,1,459,18,29
506,1,460,18,29
507,1,461,18,29
508,1,462,18,29
509,1,463,18,29
510,0,463,18,30
511,1,464,18,30
512,1,465,18,30
513,1,466,18,30
514,1,467,18,30
515,1,468,18,30
516,1,469,18,30
517,1,470,18,30
518,0,470,18,31
519,1,471,18,31
520,1,472,18,31
521,1,473,18,31
522,0,473,18,32
523,1,474,18,32
524,1,475,18,32
525,1,476,18,32
526,1,477,18,32
527,1,478,18,32
528,1,479,18,32
529,1,480,18,32
530,1,481,18,32
531,1,482,18,32
532,1,483,18,32
533,1,484,18,32
534,1,485,18,32
535,1,486,18,32
536,1,487,18,32
537,1,488,18,32
538,1,489,18,32
539,1,490,18,32
540,0,490,18,33
541,1,491,18,33
542,1,492,18,33
543,1,493,18,33
544,1,494,18,33
545,1,495,18,33
546,1,496,18,33
547,0,496,18,34
548,1,497,18,34
549,1,498,18,34
550,1,499,18,34
551,1,500,18,34
552,2,500,19,34
553,0,500,19,35
554,1,501,19,35
555,1,502,19,35
556,1,503,19,35
557,1,504,19,35
558,1,505,19,35
559,1,506,19,35
560,1,507,19,35
561,1,508,19,35
562,1,509,19,35
563,1,510,19,35
564,1,511,19,35
565,1,512,19,35
566,1,513,19,35
567,1,514,19,35
568,1,515,19,35
569,2,515,20,35
570,1,516,20,35
571,1,517,20,35
572,1,518,20,35
573,1,519,20,35
574,1,520,20,35
575,1,521,20,35
576,1,522,20,35
577,1,523,20,35
578,1,524,20,35
579,1,525,20,35
580,1,526,20,35
581,2,526,21,35
582,1,527,21,35
583,1,528,21,35
584,2,528,22,35
585,1,529,22,35
586,1,530,22,35
587,1,531,22,35
588,1,532,22,35
589,1,533,22,35
590,1,534,22,35
591,1,535,22,35
592,1,536,22,35
593,1,537,22,35
594,1,538,22,35
595,1,539,22,35
596,1,540,22,35
597,1,541,22,35
598,1,542,22,35
599,1,543,22,35
600,2,543,23,35
601,1,544,23,35
602,1,545,23,35
603,0,545,23,36
604,1,546,23,36
605,1,547,23,36
606,1,548,23,36
607,1,549,23,36
608,1,550,23,36
609,1,551,23,36
610,1,552,23,36
611,0,552,23,37
612,1,553,23,37
613,1,554,23,37
614,1,555,23,37
615,1,556,23,37
616,1,557,23,37
617,1,558,23,37
618,1,559,23,37
619,0,559,23,38
620,1,560,23,38
621,1,561,23,38
622,1,562,23,38
623,1,563,23,38
624,1,564,23,38
625,1,565,23,38
626,1,566,23,38
627,1,567,23,38
628,1,568,23,38
629,1,569,23,38
630,1,570,23,38
631,1,571,23,38
632,1,572,23,38
633,1,573,23,38
634,1,574,23,38
635,1,575,23,38
636,1,576,23,38
637,1,577,23,38
638,1,578,23,38
639,0,578,23,39
640,1,579,23,39
641,0,579,23,40
642,1,580,23,40
643,1,581,23,40
644,1,582,23,40
645,1,583,23,40
646,1,584,23,40
647,1,585,23,40
648,1,586,23,40
649,1,587,23,40
650,1,588,23,40
651,1,589,23,40
652,1,590,23,40
653,1,591,23,40
654,1,592,23,40
655,1,593,23,40
656,1,594,23,40
657,1,595,23,40
658,1,596,23,40
659,1,597,23,40
660,1,598,23,40
661,2,598,24,40
662,1,599,24,40
663,1,600,24,40
664,1,601,24,40
665,1,602,24,40
666,1,603,24,40
667,1,604,24,40
668,1,605,24,40
669,1,606,24,40
670,1,607,24,40
671,1,608,24,40
672,1,609,24,40
673,1,610,24,40
674,1,611,24,40
675,1,612,24,40
676,1,613,24,40
677,1,614,24,40
678,1,615,24,40
679,1,616,24,40
680,1,617,24,40
681,2,617,25,40
682,1,618,25,40
683,0,618,25,41
684,1,619,25,41
685,1,620,25,41
686,0,620,25,42
687,1,621,25,42
688,1,622,25,42
689,1,623,25,42
690,1,624,25,42
691,1,625,25,42
692,1,626,25,42
693,1,627,25,42
694,1,628,25,42
695,1,629,25,42
696,1,630,25,42
697,1,631,25,42
698,1,632,25,42
699,1,633,25,42
700,0,633,25,43
701,2,633,26,43
702,1,634,26,43
703,1,635,26,43
704,1,636,26,43
705,1,637,26,43
706,1,638,26,43
707,1,639,26,43
708,1,640,26,43
709,1,641,26,43
710,1,642,26,43
711,0,642,26,44
712,1,643,26,44
713,1,644,26,44
714,1,645,26,44
715,1,646,26,44
716,1,647,26,44
717,1,648,26,44
718,1,649,26,44
719,1,650,26,44
720,2,650,27,44
721,1,651,27,44
722,1,652,27,44
723,1,653,27,44
724,0,653,27,45
725,1,654,27,45
726,1,655,27,45
727,1,656,27,45
728,1,657,27,45
729,1,658,27,45
730,1,659,27,45
731,1,660,27,45
732,1,661,27,45
733,2,661,28,45
734,1,662,28,45
735,1,663,28,45
736,1,664,28,45
737,1,665,28,45
738,1,666,28,45
739,1,667,28,45
740,1,668,28,45
741,1,669,28,45
742,1,670,28,45
743,0,670,28,46
744,1,671,28,46
745,1,672,28,46
746,1,673,28,46
747,0,673,28,47
748,1,674,28,47
749,1,675,28,47
750,1,676,28,47
751,1,677,28,47
752,1,678,28,47
753,1,679,28,47
754,1,680,28,47
755,1,681,28,47
756,1,682,28,47
757,1,683,28,47
758,0,683,28,48
759,1,684,28,48
760,1,685,28,48
761,1,686,28,48
762,1,687,28,48
763,1,688,28,48
764,1,689,28,48
765,1,690,28,48
766,1,691,28,48
767,1,692,28,48
768,1,693,28,48
769,1,694,28,48
770,0,694,28,49
771,1,695,28,49
772,2,695,29,49
773,1,696,29,49
774,1,697,29,49
775,1,698,29,49
776,1,699,29,49
777,1,700,29,49
778,1,701,29,49
779,2,701,30,49
780,1,702,30,49
781,1,703,30,49
782,1,704,30,49
783,1,705,30,49
784,1,706,30,49
785,1,707,30,49
786,1,708,30,49
787,1,709,30,49
788,1,710,30,49
789,0,710,30,50
790,1,711,30,50
791,1,712,30,50
792,1,713,30,50
793,1,714,30,50
794,1,715,30,50
795,1,716,30,50
796,1,717,30,50
797,1,718,30,50
798,1,719,30,50
799,1,720,30,50
800,1,721,30,50
801,1,722,30,50
802,0,722,30,51
803,1,723,30,51
804,1,724,30,51
805,0,724,30,52
806,1,725,30,52
807,1,726,30,52
808,1,727,30,52
809,1,728,30,52
810,1,729,30,52
811,1,730,30,52
812,1,731,30,52
813,1,732,30,52
814,1,733,30,52
815,1,734,30,52
816,0,734,30,53
817,1,735,30,53
818,1,736,30,53
819,1,737,30,53
820,1,738,30,53
821,1,739,30,53
822,1,740,30,53
823,1,741,30,53
824,1,742,30,53
825,1,743,30,53
826,1,744,30,53
827,1,745,30,53
828,1,746,30,53
829,1,747,30,53
830,1,748,30,53
831,1,749,30,53
832,1,750,30,53
833,1,751,30,53
834,1,752,30,53
835,0,752,30,54
836,1,753,30,54
837,1,754,30,54
838,1,755,30,54
839,2,755,31,54
840,1,756,31,54
841,1,757,31,54
842,1,758,31,54
843,1,759,31,54
844,0,759,31,55
845,1,760,31,55
846,1,761,31,55
847,1,762,31,55
848,1,763,31,55
849,1,764,31,55
850,1,765,31,55
851,1,766,31,55
852,1,767,31,55
853,1,768,31,55
854,1,769,31,55
855,1,770,31,55
856,1,771,31,55
857,1,772,31,55
858,1,773,31,55
859,2,773,32,55
860,1,774,32,55
861,1,775,32,55
862,1,776,32,55
863,1,777,32,55
864,1,778,32,55
865,2,778,33,55
866,1,779,33,55
867,1,780,33,55
868,1,781,33,55
869,1,782,33,55
870,1,783,33,55
871,1,784,33,55
872,1,785,33,55
873,1,786,33,55
874,1,787,33,55
875,1,788,33,55
876,1,789,33,55
877,1,790,33,55
878,1,791,33,55
879,1,792,33,55
880,1,793,33,55
881,1,794,33,55
882,1,795,33,55
883,1,796,33,55
884,2,796,34,55
885,1,797,34,55
886,1,798,34,55
887,1,799,34,55
888,1,800,34,55
889,1,801,34,55
890,1,802,34,55
891,1,803,34,55
892,1,804,34,55
893,1,805,34,55
894,1,806,34,55
895,1,807,34,55
896,1,808,34,55
897,1,809,34,55
898,1,810,34,55
899,1,811,34,55
900,1,812,34,55
901,1,813,34,55
902,1,814,34,55
903,1,815,34,55
904,1,816,34,55
905,1,817,34,55
906,1,818,34,55
907,1,819,34,55
908,1,820,34,55
909,1,821,34,55
910,1,822,34,55
911,1,823,34,55
912,1,824,34,55
913,1,825,34,55
914,1,826,34,55
915,1,827,34,55
916,1,828,34,55
917,1,829,34,55
918,1,830,34,55
919,1,831,34,55
920,1,832,34,55
921,1,833,34,55
922,2,833,35,55
923,1,834,35,55
924,0,834,35,56
925,1,835,35,56
926,1,836,35,56
927,1,837,35,56
928,1,838,35,56
929,0,838,35,57
930,2,838,36,57
931,2,838,37,57
932,2,838,38,57
933,1,839,38,57
934,1,840,38,57
935,1,841,38,57
936,1,842,38,57
937,1,843,38,57
938,1,844,38,57
939,2,844,39,57
940,1,845,39,57
941,1,846,39,57
942,1,847,39,57
943,1,848,39,57
944,1,849,39,57
945,1,850,39,57
946,1,851,39,57
947,1,852,39,57
948,1,853,39,57
949,1,854,39,57
950,1,855,39,57
951,1,856,39,57
952,1,857,39,57
953,1,858,39,57
954,1,859,39,57
955,1,860,39,57
956,1,861,39,57
957,1,862,39,57
958,2,862,40,57
959,1,863,40,57
960,1,864,40,57
961,1,865,40,57
962,1,866,40,57
963,1,867,40,57
964,1,868,40,57
965,1,869,40,57
966,0,869,40,58
967,1,870,40,58
968,1,871,40,58
969,1,872,40,58
970,2,872,41,58
971,1,873,41,58
972,1,874,41,58
973,1,875,41,58
974,1,876,41,58
975,1,877,41,58
976,1,878,41,58
977,1,879,41,58
978,1,880,41,58
979,1,881,41,58
980,1,882,41,58
981,1,883,41,58
982,1,884,41,58
983,1,885,41,58
984,1,886,41,58
985,1,887,41,58
986,1,888,41,58
987,1,889,41,58
988,1,890,41,58
989,2,890,42,58
990,1,891,42,58
991,1,892,42,58
992,1,893,42,58
993,1,894,42,58
994,1,895,42,58
995,1,896,42,58
996,1,897,42,58
997,1,898,42,58
998,1,899,42,58
999,0,899,42,59
1000,0,899,42,60
1001,1,900,42,60
1002,2,900,43,60
1003,1,901,43,60
1004,1,902,43,60
1005,1,903,43,60
1006,1,904,43,60
1007,1,905,43,60
1008,1,906,43,60
1009,2,906,44,60
1010,1,907,44,60
1011,2,907,45,60
1012,1,908,45,60
1013,1,909,45,60
1014,1,910,45,60
1015,1,911,45,60
1016,1,912,45,60
1017,1,913,45,60
1018,0,913,45,61
1019,1,914,45,61
1020,1,915,45,61
1021,2,915,46,61
1022,0,915,46,62
1023,1,916,46,62
1024,1,917,46,62
1025,1,918,46,62
1026,1,919,46,62
1027,0,919,46,63
1028,1,920,46,63
1029,1,921,46,63
1030,1,922,46,63
1031,1,923,46,63
1032,1,924,46,63
1033,1,925,46,63
1034,1,926,46,63
1035,2,926,47,63
1036,1,927,47,63
1037,1,928,47,63
1038,1,929,47,63
1039,1,930,47,63
1040,1,931,47,63
1041,1,932,47,63
1042,1,933,47,63
1043,1,934,47,63
1044,1,935,47,63
1045,1,936,47,63
1046,1,937,47,63
1047,1,938,47,63
1048,1,939,47,63
1049,1,940,47,63
1050,1,941,47,63
1051,1,942,47,63
1052,1,943,47,63
1053,1,944,47,63
1054,1,945,47,63
1055,1,946,47,63
1056,1,947,47,63
1057,1,948,47,63
1058,1,949,47,63
1059,1,950,47,63
1060,1,951,47,63
1061,1,952,47,63
1062,1,953,47,63
1063,1,954,47,63
1064,1,955,47,63
1065,1,956,47,63
1066,2,956,48,63
1067,1,957,48,63
1068,1,958,48,63
1069,1,959,48,63
1070,1,960,48,63
1071,1,961,48,63
1072,1,962,48,63
1073,1,963,48,63
1074,1,964,48,63
1075,1,965,48,63
1076,1,966,48,63
1077,1,967,48,63
1078,0,967,48,64
1079,1,968,48,64
1080,1,969,48,64
1081,1,970,48,64
1082,1,971,48,64
1083,1,972,48,64
1084,1,973,48,64
1085,1,974,48,64
1086,1,975,48,64
1087,1,976,48,64
1088,1,977,48,64
1089,1,978,48,64
1090,1,979,48,64
1091,1,980,48,64
1092,1,981,48,64
1093,1,982,48,64
1094,2,982,49,64
1095,1,983,49,64
1096,1,984,49,64
1097,1,985,49,64
1098,1,986,49,64
1099,1,987,49,64
1100,1,988,49,64
1101,1,989,49,64
1102,1,990,49,64
1103,1,991,49,64
1104,1,992,49,64
1105,2,992,50,64
1106,1,993,50,64
1107,1,994,50,64
1108,1,995,50,64
1109,1,996,50,64
1110,1,997,50,64
1111,1,998,50,64
1112,1,999,50,64
1113,1,1000,50,64
1114,1,1001,50,64
1115,1,1002,50,64
1116,1,1003,50,64
1117,1,1004,50,64
1118,1,1005,50,64
1119,1,1006,50,64
1120,1,1007,50,64
1121,1,1008,50,64
1122,1,1009,50,64
1123,1,1010,50,64
1124,0,1010,50,65
1125,1,1011,50,65
1126,1,1012,50,65
1127,1,1013,50,65
1128,1,1014,50,65
1129,1,1015,50,65
1130,1,1016,50,65
1131,1,1017,50,65
1132,1,1018,50,65
1133,1,1019,50,65
1134,1,1020,50,65
1135,1,1021,50,65
1136,1,1022,50,65
1137,2,1022,51,65
1138,1,1023,51,65
1139,2,1023,52,65
1140,0,1023,52,66
1141,1,1024,52,66
1142,1,1025,52,66
1143,1,1026,52,66
1144,1,1027,52,66
1145,1,1028,52,66
1146,1,1029,52,66
1147,1,1030,52,66
1148,1,1031,52,66
1149,1,1032,52,66
1150,2,1032,53,66
1151,1,1033,53,66
1152,1,1034,53,66
1153,1,1035,53,66
1154,0,1035,53,67
1155,1,1036,53,67
1156,1,1037,53,67
1157,1,1038,53,67
1158,1,1039,53,67
1159,1,1040,53,67
1160,1,1041,53,67
1161,1,1042,53,67
1162,1,1043,53,67
1163,1,1044,53,67
1164,2,1044,54,67
1165,0,1044,54,68
1166,1,1045,54,68
1167,1,1046,54,68
1168,1,1047,54,68
1169,1,1048,54,68
1170,1,1049,54,68
1171,1,1050,54,68
1172,1,1051,54,68
1173,1,1052,54,68
1174,1,1053,54,68
1175,1,1054,54,68
1176,1,1055,54,68
1177,0,1055,54,69
1178,1,1056,54,69
1179,1,1057,54,69
1180,1,1058,54,69
1181,1,1059,54,69
1182,2,1059,55,69
1183,1,1060,55,69
1184,1,1061,55,69
1185,1,1062,55,69
1186,1,1063,55,69
1187,1,1064,55,69
1188,1,1065,55,69
1189,1,1066,55,69
1190,1,1067,55,69
1191,1,1068,55,69
1192,1,1069,55,69
1193,1,1070,55,69
1194,1,1071,55,69
1195,1,1072,55,69
1196,1,1073,55,69
1197,1,1074,55,69
1198,1,1075,55,69
1199,1,1076,55,69
1200,1,1077,55,69
1201,1,1078,55,69
1202,1,1079,55,69
1203,1,1080,55,69
1204,1,1081,55,69
1205,0,1081,55,70
1206,1,1082,55,70
1207,1,1083,55,70
1208,1,1084,55,70
1209,1,1085,55,70
1210,1,1086,55,70
1211,1,1087,55,70
1212,1,1088,55,70
1213,1,1089,55,70
1214,1,1090,55,70
1215,1,1091,55,70
1216,0,1091,55,71
1217,1,1092,55,71
1218,0,1092,55,72
1219,1,1093,55,72
1220,1,1094,55,72
1221,1,1095,55,72
1222,1,1096,55,72
1223,1,1097,55,72
1224,1,1098,55,72
1225,1,1099,55,72
1226,1,1100,55,72
1227,1,1101,55,72
1228,1,1102,55,72
1229,0,1102,55,73
1230,1,1103,55,73
1231,1,1104,55,73
1232,1,1105,55,73
1233,1,1106,55,73
1234,1,1107,55,73
1235,1,1108,55,73
1236,0,1108,55,74
1237,1,1109,55,74
1238,1,1110,55,74
1239,1,1111,55,74
1240,1,1112,55,74
1241,1,1113,55,74
1242,1,1114,55,74
1243,1,1115,55,74
1244,1,1116,55,74
1245,1,1117,55,74
1246,1,1118,55,74
1247,1,1119,55,74
1248,1,1120,55,74
1249,1,1121,55,74
1250,1,1122,55,74
1251,1,1123,55,74
1252,1,1124,55,74
1253,1,1125,55,74
1254,1,1126,55,74
1255,1,1127,55,74
1256,1,1128,55,74
1257,1,1129,55,74
1258,0,1129,55,75
1259,1,1130,55,75
1260,1,1131,55,75
1261,1,1132,55,75
1262,1,1133,55,75
1263,1,1134,55,75
1264,1,1135,55,75
1265,1,1136,55,75
1266,1,1137,55,75
1267,0,1137,55,76
1268,0,1137,55,77
1269,1,1138,55,77
1270,1,1139,55,77
1271,1,1140,55,77
1272,1,1141,55,77
1273,1,1142,55,77
1274,1,1143,55,77
1275,1,1144,55,77
1276,1,1145,55,77
1277,1,1146,55,77
1278,1,1147,55,77
1279,1,1148,55,77
1280,1,1149,55,77
1281,1,1150,55,77
1282,1,1151,55,77
1283,0,1151,55,78
1284,1,1152,55,78
1285,1,1153,55,78
1286,1,1154,55,78
1287,1,1155,55,78
1288,1,1156,55,78
1289,1,1157,55,78
1290,1,1158,55,78
1291,1,1159,55,78
1292,1,1160,55,78
1293,1,1161,55,78
1294,1,1162,55,78
1295,0,1162,55,79
1296,1,1163,55,79
1297,1,1164,55,79
1298,1,1165,55,79
1299,1,1166,55,79
1300,1,1167,55,79
1301,0,1167,55,80
1302,1,1168,55,80
1303,1,1169,55,80
1304,1,1170,55,80
1305,1,1171,55,80
1306,1,1172,55,80
1307,1,1173,55,80
1308,1,1174,55,80
1309,1,1175,55,80
1310,1,1176,55,80
1311,1,1177,55,80
1312,1,1178,55,80
1313,1,1179,55,80
1314,1,1180,55,80
1315,1,1181,55,80
1316,1,1182,55,80
1317,1,1183,55,80
1318,1,1184,55,80
1319,1,1185,55,80
1320,1,1186,55,80
1321,1,1187,55,80
1322,1,1188,55,80
1323,1,1189,55,80
1324,1,1190,55,80
1325,1,1191,55,80
1326,1,1192,55,80
1327,1,1193,55,80
1328,1,1194,55,80
1329,1,1195,55,80
1330,1,1196,55,80
1331,2,1196,56,80
1332,1,1197,56,80
1333,1,1198,56,80
1334,0,1198,56,81
1335,1,1199,56,81
1336,1,1200,56,81
1337,0,1200,56,82
1338,2,1200,57,82
1339,1,1201,57,82
1340,1,1202,57,82
1341,1,1203,57,82
1342,0,1203,57,83
1343,1,1204,57,83
1344,2,1204,58,83
1345,2,1204,59,83
1346,1,1205,59,83
1347,1,1206,59,83
1348,1,1207,59,83
1349,1,1208,59,83
1350,1,1209,59,83
1351,1,1210,59,83
1352,1,1211,59,83
1353,1,1212,59,83
1354,1,1213,59,83
1355,1,1214,59,83
1356,1,1215,59,83
1357,1,1216,59,83
1358,1,1217,59,83
1359,1,1218,59,83
1360,1,1219,59,83
1361,0,1219,59,84
1362,1,1220,59,84
1363,1,1221,59,84
1364,2,1221,60,84
1365,1,1222,60,84
1366,1,1223,60,84
1367,1,1224,60,84
1368,1,1225,60,84
1369,0,1225,60,85
1370,1,1226,60,85
1371,1,1227,60,85
1372,1,1228,60,85
1373,0,1228,60,86
1374,1,1229,60,86
1375,1,1230,60,86
1376,1,1231,60,86
1377,1,1232,60,86
1378,1,1233,60,86
1379,1,1234,60,86
1380,1,1235,60,86
1381,1,1236,60,86
1382,1,1237,60,86
1383,1,1238,60,86
1384,0,1238,60,87
1385,1,1239,60,87
1386,1,1240,60,87
1387,1,1241,60,87
1388,1,1242,60,87
1389,1,1243,60,87
1390,1,1244,60,87
1391,1,1245,60,87
1392,1,1246,60,87
1393,1,1247,60,87
1394,1,1248,60,87
1395,1,1249,60,87
1396,1,1250,60,87
1397,1,1251,60,87
1398,1,1252,60,87
1399,1,1253,60,87
1400,1,1254,60,87
1401,1,1255,60,87
1402,1,1256,60,87
1403,1,1257,60,87
1404,1,1258,60,87
1405,1,1259,60,87
1406,1,1260,60,87
1407,1,1261,60,87
1408,1,1262,60,87
1409,1,1263,60,87
1410,1,1264,60,87
1411,1,1265,60,87
1412,1,1266,60,87
1413,1,1267,60,87
1414,1,1268,60,87
1415,1,1269,60,87
1416,1,1270,60,87
1417,1,1271,60,87
1418,2,1271,61,87
1419,1,1272,61,87
1420,1,1273,61,87
1421,1,1274,61,87
1422,1,1275,61,87
1423,1,1276,61,87
1424,1,1277,61,87
1425,1,1278,61,87
1426,1,1279,61,87
1427,1,1280,61,87
1428,0,1280,61,88
1429,2,1280,62,88
1430,2,1280,63,88
1431,1,1281,63,88
1432,1,1282,63,88
1433,1,1283,63,88
1434,1,1284,63,88
1435,1,1285,63,88
1436,1,1286,63,88
1437,0,1286,63,89
1438,1,1287,63,89
1439,1,1288,63,89
1440,1,1289,63,89
1441,1,1290,63,89
1442,1,1291,63,89
1443,1,1292,63,89
1444,1,1293,63,89
1445,1,1294,63,89
1446,1,1295,63,89
1447,2,1295,64,89
1448,2,1295,65,89
1449,1,1296,65,89
1450,1,1297,65,89
1451,1,1298,65,89
1452,1,1299,65,89
1453,1,1300,65,89
1454,1,1301,65,89
1455,1,1302,65,89
1456,1,1303,65,89
1457,1,1304,65,89
1458,1,1305,65,89
1459,0,1305,65,90
1460,1,1306,65,90
1461,1,1307,65,90
1462,1,1308,65,90
1463,1,1309,65,90
1464,2,1309,66,90
1465,1,1310,66,90
1466,2,1310,67,90
1467,1,1311,67,90
1468,1,1312,67,90
1469,1,1313,67,90
1470,1,1314,67,90
1471,1,1315,67,90
1472,1,1316,67,90
1473,1,1317,67,90
1474,1,1318,67,90
1475,1,1319,67,90
1476,1,1320,67,90
1477,1,1321,67,90
1478,1,1322,67,90
1479,1,1323,67,90
1480,1,1324,67,90
1481,1,1325,67,90
1482,1,1326,67,90
1483,1,1327,67,90
1484,0,1327,67,91
1485,1,1328,67,91
1486,1,1329,67,91
1487,1,1330,67,91
1488,1,1331,67,91
1489,1,1332,67,91
1490,2,1332,68,91
1491,1,1333,68,91
1492,0,1333,68,92
1493,1,1334,68,92
1494,1,1335,68,92
1495,1,1336,68,92
1496,1,1337,68,92
1497,1,1338,68,92
1498,1,1339,68,92
1499,1,1340,68,92
1500,1,1341,68,92
1501,1,1342,68,92
1502,1,1343,68,92
1503,1,1344,68,92
1504,1,1345,68,92
1505,1,1346,68,92
1506,0,1346,68,93
1507,1,1347,68,93
1508,0,1347,68,94
1509,1,1348,68,94
1510,1,1349,68,94
1511,1,1350,68,94
1512,2,1350,69,94
1513,1,1351,69,94
1514,1,1352,69,94
1515,1,1353,69,94
1516,1,1354,69,94
1517,1,1355,69,94
1518,1,1356,69,94
1519,1,1357,69,94
1520,1,1358,69,94
1521,0,1358,69,95
1522,1,1359,69,95
1523,1,1360,69,95
1524,1,1361,69,95
1525,1,1362,69,95
1526,1,1363,69,95
1527,0,1363,69,96
1528,1,1364,69,96
1529,1,1365,69,96
1530,1,1366,69,96
1531,1,1367,69,96
1532,1,1368,69,96
1533,1,1369,69,96
1534,1,1370,69,96
1535,1,1371,69,96
1536,0,1371,69,97
1537,1,1372,69,97
1538,1,1373,69,97
1539,1,1374,69,97
1540,1,1375,69,97
1541,1,1376,69,97
1542,1,1377,69,97
1543,1,1378,69,97
1544,0,1378,69,98
1545,1,1379,69,98
1546,1,1380,69,98
1547,1,1381,69,98
1548,1,1382,69,98
1549,1,1383,69,98
1550,1,1384,69,98
1551,2,1384,70,98
1552,1,1385,70,98
1553,1,1386,70,98
1554,1,1387,70,98
1555,1,1388,70,98
1556,1,1389,70,98
1557,1,1390,70,98
1558,2,1390,71,98
1559,1,1391,71,98
1560,1,1392,71,98
1561,1,1393,71,98
1562,1,1394,71,98
1563,1,1395,71,98
1564,1,1396,71,98
1565,1,1397,71,98
1566,1,1398,71,98
1567,1,1399,71,98
1568,0,1399,71,99
1569,1,1400,71,99
1570,1,1401,71,99
1571,1,1402,71,99
1572,1,1403,71,99
1573,1,1404,71,99
1574,1,1405,71,99
1575,2,1405,72,99
1576,1,1406,72,99
1577,1,1407,72,99
1578,1,1408,72,99
1579,1,1409,72,99
1580,1,1410,72,99
1581,1,1411,72,99
1582,1,1412,72,99
1583,0,1412,72,100
1584,1,1413,72,100
1585,1,1414,72,100
1586,1,1415,72,100
1587,1,1416,72,100
1588,1,1417,72,100
1589,0,1417,72,101
1590,1,1418,72,101
1591,0,1418,72,102
1592,1,1419,72,102
1593,1,1420,72,102
1594,1,1421,72,102
1595,0,1421,72,103
1596,1,1422,72,103
1597,1,1423,72,103
1598,1,1424,72,103
1599,1,1425,72,103
1600,1,1426,72,103
1601,1,1427,72,103
1602,1,1428,72,103
1603,1,1429,72,103
1604,1,1430,72,103
1605,1,1431,72,103
1606,1,1432,72,103
1607,1,1433,72,103
1608,2,1433,73,103
1609,1,1434,73,103
1610,1,1435,73,103
1611,1,1436,73,103
1612,1,1437,73,103
1613,1,1438,73,103
1614,1,1439,73,103
1615,1,1440,73,103
1616,1,1441,73,103
1617,1,1442,73,103
1618,1,1443,73,103
1619,1,1444,73,103
1620,1,1445,73,103
1621,1,1446,73,103
1622,1,1447,73,103
1623,1,1448,73,103
1624,0,1448,73,104
1625,1,1449,73,104
1626,1,1450,73,104
1627,1,1451,73,104
1628,1,1452,73,104
1629,1,1453,73,104
1630,0,1453,73,105
1631,1,1454,73,105
1632,1,1455,73,105
1633,1,1456,73,105
1634,1,1457,73,105
1635,1,1458,73,105
1636,1,1459,73,105
1637,1,1460,73,105
1638,1,1461,73,105
1639,1,1462,73,105
1640,1,1463,73,105
1641,1,1464,73,105
1642,1,1465,73,105
1643,1,1466,73,105
1644,1,1467,73,105
1645,1,1468,73,105
1646,2,1468,74,105
1647,1,1469,74,105
1648,1,1470,74,105
1649,1,1471,74,105
1650,1,1472,74,105
1651,1,1473,74,105
1652,1,1474,74,105
1653,1,1475,74,105
1654,1,1476,74,105
1655,1,1477,74,105
1656,1,1478,74,105
1657,1,1479,74,105
1658,0,1479,74,106
1659,1,1480,74,106
1660,1,1481,74,106
1661,1,1482,74,106
1662,1,1483,74,106
1663,0,1483,74,107
1664,1,1484,74,107
1665,0,1484,74,108
1666,1,1485,74,108
1667,1,1486,74,108
1668,1,1487,74,108
1669,1,1488,74,108
1670,1,1489,74,108
1671,1,1490,74,108
1672,1,1491,74,108
1673,1,1492,74,108
1674,1,1493,74,108
1675,1,1494,74,108
1676,1,1495,74,108
1677,1,1496,74,108
1678,0,1496,74,109
1679,2,1496,75,109
1680,1,1497,75,109
1681,1,1498,75,109
1682,1,1499,75,109
1683,1,1500,75,109
1684,1,1501,75,109
1685,1,1502,75,109
1686,1,1503,75,109
1687,1,1504,75,109
1688,2,1504,76,109
1689,1,1505,76,109
1690,1,1506,76,109
1691,1,1507,76,109
1692,1,1508,76,109
1693,1,1509,76,109
1694,1,1510,76,109
1695,1,1511,76,109
1696,1,1512,76,109
1697,1,1513,76,109
1698,1,1514,76,109
1699,1,1515,76,109
1700,1,1516,76,109
1701,1,1517,76,109
1702,1,1518,76,109
1703,1,1519,76,109
1704,1,1520,76,109
1705,1,1521,76,109
1706,1,1522,76,109
1707,1,1523,76,109
1708,2,1523,77,109
1709,1,1524,77,109
1710,1,1525,77,109
1711,1,1526,77,109
1712,1,1527,77,109
1713,1,1528,77,109
1714,1,1529,77,109
1715,1,1530,77,109
1716,1,1531,77,109
1717,1,1532,77,109
1718,1,1533,77,109
1719,1,1534,77,109
1720,1,1535,77,109
1721,1,1536,77,109
1722,1,1537,77,109
1723,1,1538,77,109
1724,1,1539,77,109
1725,1,1540,77,109
1726,1,1541,77,109
1727,1,1542,77,109
1728,1,1543,77,109
1729,1,1544,77,109
1730,0,1544,77,110
1731,1,1545,77,110
1732,1,1546,77,110
1733,1,1547,77,110
1734,1,1548,77,110
1735,1,1549,77,110
1736,1,1550,77,110
1737,1,1551,77,110
1738,1,1552,77,110
1739,1,1553,77,110
1740,1,1554,77,110
1741,1,1555,77,110
1742,1,1556,77,110
1743,0,1556,77,111
1744,1,1557,77,111
1745,1,1558,77,111
1746,0,1558,77,112
1747,1,1559,77,112
1748,1,1560,77,112
1749,1,1561,77,112
1750,1,1562,77,112
1751,0,1562,77,113
1752,0,1562,77,114
1753,0,1562,77,115
1754,1,1563,77,115
1755,2,1563,78,115
1756,1,1564,78,115
1757,1,1565,78,115
1758,1,1566,78,115
1759,1,1567,78,115
1760,1,1568,78,115
1761,1,1569,78,115
1762,0,1569,78,116
1763,1,1570,78,116
1764,1,1571,78,116
1765,1,1572,78,116
1766,1,1573,78,116
1767,1,1574,78,116
1768,1,1575,78,116
1769,1,1576,78,116
1770,1,1577,78,116
1771,1,1578,78,116
1772,1,1579,78,116
1773,1,1580,78,116
1774,1,1581,78,116
1775,1,1582,78,116
1776,1,1583,78,116
1777,1,1584,78,116
1778,0,1584,78,117
1779,1,1585,78,117
1780,0,1585,78,118
1781,1,1586,78,118
1782,1,1587,78,118
1783,0,1587,78,119
1784,1,1588,78,119
1785,1,1589,78,119
1786,2,1589,79,119
1787,1,1590,79,119
1788,1,1591,79,119
1789,2,1591,80,119
1790,1,1592,80,119
1791,1,1593,80,119
1792,1,1594,80,119
1793,1,1595,80,119
1794,1,1596,80,119
1795,1,1597,80,119
1796,2,1597,81,119
1797,1,1598,81,119
1798,1,1599,81,119
1799,1,1600,81,119
1800,0,1600,81,120
1801,1,1601,81,120
1802,2,1601,82,120
1803,2,1601,83,120
1804,1,1602,83,120
1805,1,1603,83,120
1806,1,1604,83,120
1807,1,1605,83,120
1808,1,1606,83,120
1809,1,1607,83,120
1810,1,1608,83,120
1811,1,1609,83,120
1812,1,1610,83,120
1813,1,1611,83,120
1814,0,1611,83,121
1815,1,1612,83,121
1816,1,1613,83,121
1817,1,1614,83,121
1818,1,1615,83,121
1819,1,1616,83,121
1820,1,1617,83,121
1821,0,1617,83,122
1822,1,1618,83,122
1823,1,1619,83,122
1824,1,1620,83,122
1825,2,1620,84,122
1826,1,1621,84,122
1827,1,1622,84,122
1828,1,1623,84,122
1829,1,1624,84,122
1830,1,1625,84,122
1831,1,1626,84,122
1832,1,1627,84,122
1833,1,1628,84,122
1834,1,1629,84,122
1835,1,1630,84,122
1836,1,1631,84,122
1837,1,1632,84,122
1838,1,1633,84,122
1839,1,1634,84,122
1840,1,1635,84,122
1841,1,1636,84,122
1842,1,1637,84,122
1843,1,1638,84,122
1844,1,1639,84,122
1845,1,1640,84,122
1846,1,1641,84,122
1847,1,1642,84,122
1848,1,1643,84,122
1849,1,1644,84,122
1850,2,1644,85,122
1851,1,1645,85,122
1852,1,1646,85,122
1853,1,1647,85,122
1854,1,1648,85,122
1855,1,1649,85,122
1856,1,1650,85,122
1857,0,1650,85,123
1858,1,1651,85,123
1859,1,1652,85,123
1860,1,1653,85,123
1861,1,1654,85,123
1862,1,1655,85,123
1863,1,1656,85,123
1864,1,1657,85,123
1865,0,1657,85,124
1866,0,1657,85,125
1867,1,1658,85,125
1868,1,1659,85,125
1869,1,1660,85,125
1870,0,1660,85,126
1871,1,1661,85,126
1872,1,1662,85,126
1873,1,1663,85,126
1874,1,1664,85,126
1875,1,1665,85,126
1876,1,1666,85,126
1877,1,1667,85,126
1878,1,1668,85,126
1879,1,1669,85,126
1880,1,1670,85,126
1881,0,1670,85,127
1882,1,1671,85,127
1883,1,1672,85,127
1884,1,1673,85,127
1885,1,1674,85,127
1886,1,1675,85,127
1887,1,1676,85,127
1888,1,1677,85,127
1889,1,1678,85,127
1890,1,1679,85,127
1891,1,1680,85,127
1892,1,1681,85,127
1893,1,1682,85,127
1894,1,1683,85,127
1895,1,1684,85,127
1896,1,1685,85,127
1897,1,1686,85,127
1898,0,1686,85,128
1899,1,1687,85,128
1900,1,1688,85,128
1901,1,1689,85,128
1902,1,1690,85,128
1903,1,1691,85,128
1904,1,1692,85,128
1905,1,1693,85,128
1906,1,1694,85,128
1907,2,1694,86,128
1908,1,1695,86,128
1909,1,1696,86,128
1910,1,1697,86,128
1911,1,1698,86,128
1912,1,1699,86,128
1913,1,1700,86,128
1914,1,1701,86,128
1915,1,1702,86,128
1916,1,1703,86,128
1917,1,1704,86,128
1918,1,1705,86,128
1919,1,1706,86,128
1920,1,1707,86,128
1921,0,1707,86,129
1922,1,1708,86,129
1923,1,1709,86,129
1924,0,1709,86,130
1925,1,1710,86,130
1926,1,1711,86,130
1927,1,1712,86,130
1928,1,1713,86,130
1929,2,1713,87,130
1930,1,1714,87,130
1931,1,1715,87,130
1932,0,1715,87,131
1933,1,1716,87,131
1934,1,1717,87,131
1935,1,1718,87,131
1936,1,1719,87,131
1937,1,1720,87,131
1938,1,1721,87,131
1939,2,1721,88,131
1940,1,1722,88,131
1941,1,1723,88,131
1942,1,1724,88,131
1943,2,1724,89,131
1944,0,1724,89,132
1945,1,1725,89,132
1946,1,1726,89,132
1947,1,1727,89,132
1948,1,1728,89,132
1949,1,1729,89,132
1950,0,1729,89,133
1951,1,1730,89,133
1952,1,1731,89,133
1953,1,1732,89,133
1954,2,1732,90,133
1955,1,1733,90,133
1956,1,1734,90,133
1957,1,1735,90,133
1958,1,1736,90,133
1959,1,1737,90,133
1960,1,1738,90,133
1961,1,1739,90,133
1962,0,1739,90,134
1963,1,1740,90,134
1964,1,1741,90,134
1965,1,1742,90,134
1966,1,1743,90,134
1967,1,1744,90,134
1968,1,1745,90,134
1969,2,1745,91,134
1970,1,1746,91,134
1971,1,1747,91,134
1972,1,1748,91,134
1973,1,1749,91,134
1974,2,1749,92,134
1975,1,1750,92,134
1976,1,1751,92,134
1977,1,1752,92,134
1978,1,1753,92,134
1979,1,1754,92,134
1980,1,1755,92,134
1981,1,1756,92,134
1982,1,1757,92,134
1983,1,1758,92,134
1984,1,1759,92,134
1985,1,1760,92,134
1986,1,1761,92,134
1987,0,1761,92,135
1988,1,1762,92,135
1989,2,1762,93,135
1990,1,1763,93,135
1991,1,1764,93,135
1992,1,1765,93,135
1993,2,1765,94,135
1994,1,1766,94,135
1995,2,1766,95,135
1996,1,1767,95,135
1997,0,1767,95,136
1998,1,1768,95,136
1999,1,1769,95,136
2000,1,1770,95,136
2001,2,1770,96,136
2002,1,1771,96,136
2003,1,1772,96,136
2004,1,1773,96,136
2005,0,1773,96,137
2006,1,1774,96,137
2007,1,1775,96,137
2008,1,1776,96,137
2009,1,1777,96,137
2010,1,1778,96,137
2011,1,1779,96,137
2012,1,1780,96,137
2013,1,1781,96,137
2014,1,1782,96,137
2015,1,1783,96,137
2016,2,1783,97,137
2017,1,1784,97,137
2018,1,1785,97,137
2019,1,1786,97,137
2020,1,1787,97,137
2021,1,1788,97,137
2022,1,1789,97,137
2023,1,1790,97,137
2024,1,1791,97,137
2025,1,1792,97,137
2026,1,1793,97,137
2027,1,1794,97,137
2028,1,1795,97,137
2029,1,1796,97,137
2030,1,1797,97,137
2031,2,1797,98,137
2032,1,1798,98,137
2033,1,1799,98,137
2034,1,1800,98,137
2035,0,1800,98,138
2036,1,1801,98,138
2037,1,1802,98,138
2038,1,1803,98,138
2039,1,1804,98,138
2040,1,1805,98,138
2041,2,1805,99,138
2042,1,1806,99,138
2043,1,1807,99,138
2044,1,1808,99,138
2045,1,1809,99,138
2046,1,1810,99,138
2047,0,1810,99,139
2048,1,1811,99,139
2049,0,1811,99,140
2050,1,1812,99,140
2051,1,1813,99,140
2052,1,1814,99,140
2053,1,1815,99,140
2054,1,1816,99,140
2055,1,1817,99,140
2056,1,1818,99,140
2057,1,1819,99,140
2058,1,1820,99,140
2059,1,1821,99,140
2060,0,1821,99,141
2061,1,1822,99,141
2062,1,1823,99,141
2063,1,1824,99,141
2064,1,1825,99,141
2065,1,1826,99,141
2066,1,1827,99,141
2067,1,1828,99,141
2068,1,1829,99,141
2069,1,1830,99,141
2070,1,1831,99,141
2071,1,1832,99,141
2072,2,1832,100,141
2073,1,1833,100,141
2074,1,1834,100,141
2075,1,1835,100,141
2076,1,1836,100,141
2077,1,1837,100,141
2078,1,1838,100,141
2079,1,1839,100,141
2080,1,1840,100,141
2081,1,1841,100,141
2082,1,1842,100,141
2083,1,1843,100,141
2084,1,1844,100,141
2085,1,1845,100,141
2086,1,1846,100,141
2087,0,1846,100,142
2088,1,1847,100,142
2089,0,1847,100,143
2090,1,1848,100,143
2091,1,1849,100,143
2092,0,1849,100,144
2093,1,1850,100,144
2094,1,1851,100,144
2095,1,1852,100,144
2096,0,1852,100,145
2097,1,1853,100,145
2098,1,1854,100,145
2099,1,1855,100,145
2100,1,1856,100,145
2101,0,1856,100,146
2102,1,1857,100,146
2103,1,1858,100,146
2104,1,1859,100,146
2105,1,1860,100,146
2106,1,1861,100,146
2107,1,1862,100,146
2108,1,1863,100,146
2109,1,1864,100,146
2110,1,1865,100,146
2111,1,1866,100,146
2112,1,1867,100,146
2113,1,1868,100,146
2114,1,1869,100,146
2115,1,1870,100,146
2116,1,1871,100,146
2117,2,1871,101,146
2118,1,1872,101,146
2119,1,1873,101,146
2120,1,1874,101,146
2121,1,1875,101,146
2122,1,1876,101,146
2123,1,1877,101,146
2124,1,1878,101,146
2125,1,1879,101,146
2126,1,1880,101,146
2127,1,1881,101,146
2128,1,1882,101,146
2129,1,1883,101,146
2130,1,1884,101,146
2131,1,1885,101,146
2132,1,1886,101,146
2133,1,1887,101,146
2134,1,1888,101,146
2135,1,1889,101,146
2136,1,1890,101,146
2137,1,1891,101,146
2138,1,1892,101,146
2139,1,1893,101,146
2140,1,1894,101,146
2141,1,1895,101,146
2142,2,1895,102,146
2143,1,1896,102,146
2144,1,1897,102,146
2145,1,1898,102,146
2146,1,1899,102,146
2147,1,1900,102,146
2148,1,1901,102,146
2149,0,1901,102,147
2150,1,1902,102,147
2151,1,1903,102,147
2152,1,1904,102,147
2153,1,1905,102,147
2154,0,1905,102,148
2155,1,1906,102,148
2156,1,1907,102,148
2157,1,1908,102,148
2158,1,1909,102,148
2159,1,1910,102,148
2160,1,1911,102,148
2161,2,1911,103,148
2162,1,1912,103,148
2163,1,1913,103,148
2164,1,1914,103,148
2165,1,1915,103,148
2166,1,1916,103,148
2167,1,1917,103,148
2168,0,1917,103,149
2169,0,1917,103,150
2170,1,1918,103,150
2171,1,1919,103,150
2172,1,1920,103,150
2173,1,1921,103,150
2174,1,1922,103,150
2175,1,1923,103,150
2176,1,1924,103,150
2177,1,1925,103,150
2178,0,1925,103,151
2179,1,1926,103,151
2180,1,1927,103,151
2181,1,1928,103,151
2182,1,1929,103,151
2183,1,1930,103,151
2184,1,1931,103,151
2185,1,1932,103,151
2186,1,1933,103,151
2187,1,1934,103,151
2188,0,1934,103,152
2189,1,1935,103,152
2190,1,1936,103,152
2191,1,1937,103,152
2192,1,1938,103,152
2193,1,1939,103,152
2194,1,1940,103,152
2195,1,1941,103,152
2196,0,1941,103,153
2197,1,1942,103,153
2198,1,1943,103,153
2199,1,1944,103,153
2200,1,1945,103,153
2201,1,1946,103,153
2202,1,1947,103,153
2203,1,1948,103,153
2204,1,1949,103,153
2205,1,1950,103,153
2206,0,1950,103,154
2207,1,1951,103,154
2208,1,1952,103,154
2209,1,1953,103,154
2210,1,1954,103,154
2211,1,1955,103,154
2212,1,1956,103,154
2213,1,1957,103,154
2214,1,1958,103,154
2215,1,1959,103,154
2216,0,1959,103,155
2217,1,1960,103,155
2218,1,1961,103,155
2219,1,1962,103,155
2220,1,1963,103,155
2221,1,1964,103,155
2222,1,1965,103,155
2223,1,1966,103,155
2224,1,1967,103,155
2225,1,1968,103,155
2226,1,1969,103,155
2227,1,1970,103,155
2228,1,1971,103,155
2229,1,1972,103,155
2230,1,1973,103,155
2231,1,1974,103,155
2232,1,1975,103,155
2233,1,1976,103,155
2234,1,1977,103,155
2235,1,1978,103,155
2236,2,1978,104,155
2237,1,1979,104,155
2238,1,1980,104,155
2239,1,1981,104,155
2240,1,1982,104,155
2241,1,1983,104,155
2242,1,1984,104,155
2243,1,1985,104,155
2244,1,1986,104,155
2245,1,1987,104,155
2246,1,1988,104,155
2247,1,1989,104,155
2248,1,1990,104,155
2249,1,1991,104,155
2250,1,1992,104,155
2251,1,1993,104,155
2252,1,1994,104,155
2253,0,1994,104,156
2254,1,1995,104,156
2255,1,1996,104,156
2256,1,1997,104,156
2257,1,1998,104,156
2258,1,1999,104,156
2259,1,2000,104,156
2260,1,2001,104,156
2261,1,2002,104,156
2262,1,2003,104,156
2263,1,2004,104,156
2264,1,2005,104,156
2265,1,2006,104,156
2266,1,2007,104,156
2267,1,2008,104,156
2268,1,2009,104,156
2269,1,2010,104,156
2270,1,2011,104,156
2271,1,2012,104,156
2272,0,2012,104,157
2273,1,2013,104,157
2274,2,2013,105,157
2275,1,2014,105,157
2276,1,2015,105,157
2277,1,2016,105,157
2278,1,2017,105,157
2279,1,2018,105,157
2280,1,2019,105,157
2281,0,2019,105,158
2282,1,2020,105,158
2283,1,2021,105,158
2284,1,2022,105,158
2285,1,2023,105,158
2286,1,2024,105,158
2287,1,2025,105,158
2288,1,2026,105,158
2289,1,2027,105,158
2290,1,2028,105,158
2291,1,2029,105,158
2292,1,2030,105,158
2293,1,2031,105,158
2294,1,2032,105,158
2295,1,2033,105,158
2296,1,2034,105,158
2297,1,2035,105,158
2298,1,2036,105,158
2299,1,2037,105,158
2300,1,2038,105,158
2301,0,2038,105,159
2302,1,2039,105,159
2303,1,2040,105,159
2304,1,2041,105,159
2305,1,2042,105,159
2306,1,2043,105,159
2307,1,2044,105,159
2308,1,2045,105,159
2309,1,2046,105,159
2310,1,2047,105,159
2311,1,2048,105,159
2312,1,2049,105,159
2313,1,2050,105,159
2314,1,2051,105,159
2315,1,2052,105,159
2316,1,2053,105,159
2317,1,2054,105,159
2318,1,2055,105,159
2319,1,2056,105,159
2320,2,2056,106,159
2321,1,2057,106,159
2322,1,2058,106,159
2323,1,2059,106,159
2324,1,2060,106,159
2325,1,2061,106,159
2326,1,2062,106,159
2327,1,2063,106,159
2328,1,2064,106,159
2329,1,2065,106,159
2330,1,2066,106,159
2331,1,2067,106,159
2332,0,2067,106,160
2333,1,2068,106,160
2334,1,2069,106,160
2335,2,2069,107,160
2336,1,2070,107,160
2337,1,2071,107,160
2338,1,2072,107,160
2339,1,2073,107,160
2340,1,2074,107,160
2341,0,2074,107,161
2342,1,2075,107,161
2343,1,2076,107,161
2344,1,2077,107,161
2345,1,2078,107,161
2346,1,2079,107,161
2347,1,2080,107,161
2348,1,2081,107,161
2349,1,2082,107,161
2350,1,2083,107,161
2351,2,2083,108,161
2352,1,2084,108,161
2353,1,2085,108,161
2354,0,2085,108,162
2355,0,2085,108,163
2356,1,2086,108,163
2357,1,2087,108,163
2358,1,2088,108,163
2359,1,2089,108,163
2360,2,2089,109,163
2361,1,2090,109,163
2362,1,2091,109,163
2363,1,2092,109,163
2364,1,2093,109,163
2365,1,2094,109,163
2366,2,2094,110,163
2367,1,2095,110,163
2368,1,2096,110,163
2369,1,2097,110,163
2370,1,2098,110,163
2371,1,2099,110,163
2372,1,2100,110,163
2373,1,2101,110,163
2374,1,2102,110,163
2375,1,2103,110,163
2376,1,2104,110,163
2377,1,2105,110,163
2378,1,2106,110,163
2379,1,2107,110,163
2380,1,2108,110,163
2381,1,2109,110,163
2382,0,2109,110,164
2383,1,2110,110,164
2384,1,2111,110,164
2385,1,2112,110,164
2386,1,2113,110,164
2387,0,2113,110,165
2388,1,2114,110,165
2389,1,2115,110,165
2390,1,2116,110,165
2391,1,2117,110,165
2392,1,2118,110,165
2393,2,2118,111,165
2394,1,2119,111,165
2395,1,2120,111,165
2396,1,2121,111,165
2397,1,2122,111,165
2398,1,2123,111,165
2399,1,2124,111,165
2400,1,2125,111,165
2401,0,2125,111,166
2402,1,2126,111,166
2403,1,2127,111,166
2404,1,2128,111,166
2405,1,2129,111,166
2406,0,2129,111,167
2407,1,2130,111,167
2408,1,2131,111,167
2409,1,2132,111,167
2410,1,2133,111,167
2411,1,2134,111,167
2412,1,2135,111,167
2413,1,2136,111,167
2414,1,2137,111,167
2415,2,2137,112,167
2416,1,2138,112,167
2417,1,2139,112,167
2418,1,2140,112,167
2419,1,2141,112,167
2420,1,2142,112,167
2421,1,2143,112,167
2422,1,2144,112,167
2423,1,2145,112,167
2424,1,2146,112,167
2425,1,2147,112,167
2426,1,2148,112,167
2427,1,2149,112,167
2428,1,2150,112,167
2429,2,2150,113,167
2430,1,2151,113,167
2431,1,2152,113,167
2432,0,2152,113,168
2433,1,2153,113,168
2434,1,2154,113,168
2435,1,2155,113,168
2436,1,2156,113,168
2437,1,2157,113,168
2438,0,2157,113,169
2439,1,2158,113,169
2440,1,2159,113,169
2441,2,2159,114,169
2442,1,2160,114,169
2443,1,2161,114,169
2444,1,2162,114,169
2445,1,2163,114,169
2446,1,2164,114,169
2447,1,2165,114,169
2448,1,2166,114,169
2449,1,2167,114,169
2450,1,2168,114,169
2451,1,2169,114,169
2452,1,2170,114,169
2453,1,2171,114,169
2454,1,2172,114,169
2455,1,2173,114,169
2456,1,2174,114,169
2457,1,2175,114,169
2458,1,2176,114,169
2459,1,2177,114,169
2460,1,2178,114,169
2461,1,2179,114,169
2462,1,2180,114,169
2463,0,2180,114,170
2464,1,2181,114,170
2465,1,2182,114,170
2466,1,2183,114,170
2467,1,2184,114,170
2468,1,2185,114,170
2469,1,2186,114,170
2470,2,2186,115,170
2471,1,2187,115,170
2472,0,2187,115,171
2473,1,2188,115,171
2474,0,2188,115,172
2475,0,2188,115,173
2476,1,2189,115,173
2477,1,2190,115,173
2478,1,2191,115,173
2479,1,2192,115,173
2480,0,2192,115,174
2481,1,2193,115,174
2482,1,2194,115,174
2483,1,2195,115,174
2484,0,2195,115,175
2485,2,2195,116,175
2486,1,2196,116,175
2487,1,2197,116,175
2488,1,2198,116,175
2489,1,2199,116,175
2490,1,2200,116,175
2491,1,2201,116,175
2492,1,2202,116,175
2493,1,2203,116,175
2494,1,2204,116,175
2495,1,2205,116,175
2496,1,2206,116,175
2497,2,2206,117,175
2498,1,2207,117,175
2499,1,2208,117,175
2500,1,2209,117,175
2501,1,2210,117,175
2502,2,2210,118,175
2503,1,2211,118,175
2504,1,2212,118,175
2505,0,2212,118,176
2506,1,2213,118,176
2507,1,2214,118,176
2508,1,2215,118,176
2509,1,2216,118,176
2510,1,2217,118,176
2511,0,2217,118,177
2512,1,2218,118,177
2513,1,2219,118,177
2514,1,2220,118,177
2515,1,2221,118,177
2516,1,2222,118,177
2517,1,2223,118,177
2518,1,2224,118,177
2519,1,2225,118,177
2520,1,2226,118,177
2521,1,2227,118,177
2522,1,2228,118,177
2523,1,2229,118,177
2524,1,2230,118,177
2525,1,2231,118,177
2526,1,2232,118,177
2527,1,2233,118,177
2528,1,2234,118,177
2529,1,2235,118,177
2530,1,2236,118,177
2531,1,2237,118,177
2532,1,2238,118,177
2533,2,2238,119,177
2534,1,2239,119,177
2535,1,2240,119,177
2536,1,2241,119,177
2537,1,2242,119,177
2538,1,2243,119,177
2539,1,2244,119,177
2540,1,2245,119,177
2541,1,2246,119,177
2542,1,2247,119,177
2543,1,2248,119,177
2544,2,2248,120,177
2545,1,2249,120,177
2546,1,2250,120,177
2547,0,2250,120,178
2548,1,2251,120,178
2549,1,2252,120,178
2550,1,2253,120,178
2551,1,2254,120,178
2552,1,2255,120,178
2553,1,2256,120,178
2554,1,2257,120,178
2555,1,2258,120,178
2556,1,2259,120,178
2557,1,2260,120,178
2558,1,2261,120,178
2559,1,2262,120,178
2560,1,2263,120,178
2561,1,2264,120,178
2562,1,2265,120,178
2563,1,2266,120,178
2564,1,2267,120,178
2565,1,2268,120,178
2566,1,2269,120,178
2567,1,2270,120,178
2568,2,2270,121,178
2569,1,2271,121,178
2570,1,2272,121,178
2571,1,2273,121,178
2572,0,2273,121,179
2573,1,2274,121,179
2574,1,2275,121,179
2575,1,2276,121,179
2576,1,2277,121,179
2577,1,2278,121,179
2578,1,2279,121,179
2579,2,2279,122,179
2580,1,2280,122,179
2581,1,2281,122,179
2582,1,2282,122,179
2583,1,2283,122,179
2584,1,2284,122,179
2585,1,2285,122,179
2586,1,2286,122,179
2587,1,2287,122,179
2588,1,2288,122,179
2589,1,2289,122,179
2590,1,2290,122,179
2591,2,2290,123,179
2592,0,2290,123,180
2593,1,2291,123,180
2594,1,2292,123,180
2595,1,2293,123,180
2596,0,2293,123,181
2597,1,2294,123,181
2598,1,2295,123,181
2599,1,2296,123,181
2600,1,2297,123,181
2601,1,2298,123,181
2602,1,2299,123,181
2603,1,2300,123,181
2604,1,2301,123,181
2605,1,2302,123,181
2606,1,2303,123,181
2607,1,2304,123,181
2608,1,2305,123,181
2609,1,2306,123,181
2610,1,2307,123,181
2611,1,2308,123,181
2612,1,2309,123,181
2613,2,2309,124,181
2614,1,2310,124,181
2615,1,2311,124,181
2616,1,2312,124,181
2617,1,2313,124,181
2618,1,2314,124,181
2619,1,2315,124,181
2620,1,2316,124,181
2621,1,2317,124,181
2622,1,2318,124,181
2623,1,2319,124,181
2624,1,2320,124,181
2625,1,2321,124,181
2626,1,2322,124,181
2627,1,2323,124,181
2628,1,2324,124,181
2629,1,2325,124,181
2630,0,2325,124,182
2631,0,2325,124,183
2632,1,2326,124,183
2633,1,2327,124,183
2634,1,2328,124,183
2635,1,2329,124,183
2636,1,2330,124,183
2637,1,2331,124,183
2638,1,2332,124,183
2639,2,2332,125,183
2640,1,2333,125,183
2641,0,2333,125,184
2642,1,2334,125,184
2643,1,2335,125,184
2644,1,2336,125,184
2645,1,2337,125,184
2646,1,2338,125,184
2647,1,2339,125,184
2648,1,2340,125,184
2649,1,2341,125,184
2650,1,2342,125,184
2651,1,2343,125,184
2652,1,2344,125,184
2653,1,2345,125,184
2654,1,2346,125,184
2655,1,2347,125,184
2656,1,2348,125,184
2657,1,2349,125,184
2658,1,2350,125,184
2659,1,2351,125,184
2660,1,2352,125,184
2661,1,2353,125,184
2662,1,2354,125,184
2663,1,2355,125,184
2664,1,2356,125,184
2665,2,2356,126,184
2666,1,2357,126,184
2667,1,2358,126,184
2668,0,2358,126,185
2669,0,2358,126,186
2670,1,2359,126,186
2671,1,2360,126,186
2672,1,2361,126,186
2673,1,2362,126,186
2674,1,2363,126,186
2675,1,2364,126,186
2676,1,2365,126,186
2677,1,2366,126,186
2678,1,2367,126,186
2679,1,2368,126,186
2680,1,2369,126,186
2681,1,2370,126,186
2682,1,2371,126,186
2683,1,2372,126,186
2684,1,2373,126,186
2685,1,2374,126,186
2686,1,2375,126,186
2687,1,2376,126,186
2688,1,2377,126,186
2689,1,2378,126,186
2690,1,2379,126,186
2691,2,2379,127,186
2692,2,2379,128,186
2693,1,2380,128,186
2694,1,2381,128,186
2695,1,2382,128,186
2696,1,2383,128,186
2697,1,2384,128,186
2698,1,2385,128,186
2699,1,2386,128,186
2700,1,2387,128,186
2701,1,2388,128,186
2702,1,2389,128,186
2703,1,2390,128,186
2704,1,2391,128,186
2705,1,2392,128,186
2706,1,2393,128,186
2707,2,2393,129,186
2708,1,2394,129,186
2709,1,2395,129,186
2710,1,2396,129,186
2711,1,2397,129,186
2712,1,2398,129,186
2713,1,2399,129,186
2714,1,2400,129,186
2715,1,2401,129,186
2716,1,2402,129,186
2717,1,2403,129,186
2718,1,2404,129,186
2719,2,2404,130,186
2720,1,2405,130,186
2721,1,2406,130,186
2722,1,2407,130,186
2723,1,2408,130,186
2724,1,2409,130,186
2725,1,2410,130,186
2726,1,2411,130,186
2727,1,2412,130,186
2728,1,2413,130,186
2729,2,2413,131,186
2730,1,2414,131,186
2731,1,2415,131,186
2732,2,2415,132,186
2733,1,2416,132,186
2734,1,2417,132,186
2735,2,2417,133,186
2736,1,2418,133,186
2737,1,2419,133,186
2738,1,2420,133,186
2739,1,2421,133,186
2740,1,2422,133,186
2741,0,2422,133,187
2742,1,2423,133,187
2743,1,2424,133,187
2744,0,2424,133,188
2745,1,2425,133,188
2746,1,2426,133,188
2747,1,2427,133,188
2748,1,2428,133,188
2749,1,2429,133,188
2750,1,2430,133,188
2751,1,2431,133,188
2752,1,2432,133,188
2753,0,2432,133,189
2754,1,2433,133,189
2755,2,2433,134,189
2756,1,2434,134,189
2757,1,2435,134,189
2758,1,2436,134,189
2759,1,2437,134,189
2760,1,2438,134,189
2761,1,2439,134,189
2762,1,2440,134,189
2763,1,2441,134,189
2764,1,2442,134,189
2765,1,2443,134,189
2766,1,2444,134,189
2767,0,2444,134,190
2768,1,2445,134,190
2769,1,2446,134,190
2770,1,2447,134,190
2771,2,2447,135,190
2772,1,2448,135,190
2773,1,2449,135,190
2774,1,2450,135,190
2775,1,2451,135,190
2776,2,2451,136,190
2777,1,2452,136,190
2778,1,2453,136,190
2779,2,2453,137,190
2780,1,2454,137,190
2781,0,2454,137,191
2782,1,2455,137,191
2783,1,2456,137,191
2784,1,2457,137,191
2785,1,2458,137,191
2786,2,2458,138,191
2787,1,2459,138,191
2788,1,2460,138,191
2789,1,2461,138,191
2790,1,2462,138,191
2791,1,2463,138,191
2792,1,2464,138,191
2793,1,2465,138,191
2794,1,2466,138,191
2795,1,2467,138,191
2796,1,2468,138,191
2797,1,2469,138,191
2798,1,2470,138,191
2799,1,2471,138,191
2800,1,2472,138,191
2801,1,2473,138,191
2802,1,2474,138,191
2803,1,2475,138,191
2804,1,2476,138,191
2805,1,2477,138,191
2806,1,2478,138,191
2807,1,2479,138,191
2808,1,2480,138,191
2809,1,2481,138,191
2810,1,2482,138,191
2811,0,2482,138,192
2812,1,2483,138,192
2813,0,2483,138,193
2814,1,2484,138,193
2815,1,2485,138,193
2816,1,2486,138,193
2817,1,2487,138,193
2818,1,2488,138,193
2819,1,2489,138,193
2820,1,2490,138,193
2821,1,2491,138,193
2822,1,2492,138,193
2823,1,2493,138,193
2824,1,2494,138,193
2825,1,2495,138,193
2826,1,2496,138,193
2827,0,2496,138,194
2828,1,2497,138,194
2829,1,2498,138,194
2830,1,2499,138,194
2831,1,2500,138,194
2832,1,2501,138,194
2833,1,2502,138,194
2834,1,2503,138,194
2835,1,2504,138,194
2836,1,2505,138,194
2837,2,2505,139,194
2838,2,2505,140,194
2839,1,2506,140,194
2840,1,2507,140,194
2841,1,2508,140,194
2842,1,2509,140,194
2843,1,2510,140,194
2844,0,2510,140,195
2845,1,2511,140,195
2846,1,2512,140,195
2847,0,2512,140,196
2848,1,2513,140,196
2849,2,2513,141,196
2850,1,2514,141,196
2851,1,2515,141,196
2852,1,2516,141,196
2853,1,2517,141,196
2854,1,2518,141,196
2855,1,2519,141,196
2856,1,2520,141,196
2857,1,2521,141,196
2858,1,2522,141,196
2859,1,2523,141,196
2860,1,2524,141,196
2861,1,2525,141,196
2862,1,2526,141,196
2863,1,2527,141,196
2864,1,2528,141,196
2865,1,2529,141,196
2866,1,2530,141,196
2867,1,2531,141,196
2868,1,2532,141,196
2869,1,2533,141,196
2870,1,2534,141,196
2871,0,2534,141,197
2872,1,2535,141,197
2873,1,2536,141,197
2874,1,2537,141,197
2875,1,2538,141,197
2876,1,2539,141,197
2877,1,2540,141,197
2878,1,2541,141,197
2879,0,2541,141,198
2880,1,2542,141,198
2881,1,2543,141,198
2882,1,2544,141,198
2883,1,2545,141,198
2884,1,2546,141,198
2885,2,2546,142,198
2886,1,2547,142,198
2887,1,2548,142,198
2888,1,2549,142,198
2889,1,2550,142,198
2890,2,2550,143,198
2891,1,2551,143,198
2892,1,2552,143,198
2893,1,2553,143,198
2894,1,2554,143,198
2895,1,2555,143,198
2896,1,2556,143,198
2897,1,2557,143,198
2898,1,2558,143,198
2899,0,2558,143,199
2900,1,2559,143,199
2901,2,2559,144,199
2902,1,2560,144,199
2903,1,2561,144,199
2904,1,2562,144,199
2905,1,2563,144,199
2906,0,2563,144,200
2907,1,2564,144,200
2908,1,2565,144,200
2909,1,2566,144,200
2910,1,2567,144,200
2911,1,2568,144,200
2912,1,2569,144,200
2913,1,2570,144,200
2914,1,2571,144,200
2915,1,2572,144,200
2916,1,2573,144,200
2917,1,2574,144,200
2918,1,2575,144,200
2919,1,2576,144,200
2920,1,2577,144,200
2921,1,2578,144,200
2922,1,2579,144,200
2923,1,2580,144,200
2924,1,2581,144,200
2925,1,2582,144,200
2926,1,2583,144,200
2927,1,2584,144,200
2928,1,2585,144,200
2929,1,2586,144,200
2930,1,2587,144,200
2931,1,2588,144,200
2932,1,2589,144,200
2933,1,2590,144,200
2934,1,2591,144,200
2935,2,2591,145,200
2936,1,2592,145,200
2937,1,2593,145,200
2938,1,2594,145,200
2939,1,2595,145,200
2940,1,2596,145,200
2941,1,2597,145,200
2942,1,2598,145,200
2943,1,2599,145,200
2944,1,2600,145,200
2945,1,2601,145,200
2946,1,2602,145,200
2947,1,2603,145,200
2948,1,2604,145,200
2949,1,2605,145,200
2950,1,2606,145,200
2951,0,2606,145,201
2952,1,2607,145,201
2953,1,2608,145,201
2954,1,2609,145,201
2955,1,2610,145,201
2956,1,2611,145,201
2957,1,2612,145,201
2958,1,2613,145,201
2959,1,2614,145,201
2960,1,2615,145,201
2961,1,2616,145,201
2962,1,2617,145,201
2963,0,2617,145,202
2964,1,2618,145,202
2965,1,2619,145,202
2966,1,2620,145,202
2967,1,2621,145,202
2968,0,2621,145,203
2969,1,2622,145,203
2970,2,2622,146,203
2971,1,2623,146,203
2972,1,2624,146,203
2973,1,2625,146,203
2974,1,2626,146,203
2975,0,2626,146,204
2976,1,2627,146,204
2977,1,2628,146,204
2978,1,2629,146,204
2979,1,2630,146,204
2980,1,2631,146,204
2981,1,2632,146,204
2982,1,2633,146,204
2983,1,2634,146,204
2984,1,2635,146,204
2985,1,2636,146,204
2986,1,2637,146,204
2987,0,2637,146,205
2988,1,2638,146,205
2989,1,2639,146,205
2990,1,2640,146,205
2991,1,2641,146,205
2992,1,2642,146,205
2993,1,2643,146,205
2994,1,2644,146,205
2995,1,2645,146,205
2996,1,2646,146,205
2997,1,2647,146,205
2998,1,2648,146,205
2999,1,2649,146,205
3000,1,2650,146,205
3001,1,2651,146,205
3002,1,2652,146,205
3003,0,2652,146,206
3004,0,2652,146,207
3005,1,2653,146,207
3006,0,2653,146,208
3007,2,2653,147,208
3008,1,2654,147,208
3009,1,2655,147,208
3010,1,2656,147,208
3011,1,2657,147,208
3012,1,2658,147,208
3013,2,2658,148,208
3014,1,2659,148,208
3015,1,2660,148,208
3016,1,2661,148,208
3017,1,2662,148,208
3018,1,2663,148,208
3019,1,2664,148,208
3020,1,2665,148,208
3021,1,2666,148,208
3022,1,2667,148,208
3023,1,2668,148,208
3024,0,2668,148,209
3025,1,2669,148,209
3026,1,2670,148,209
3027,1,2671,148,209
3028,1,2672,148,209
3029,0,2672,148,210
3030,1,2673,148,210
3031,1,2674,148,210
3032,1,2675,148,210
3033,1,2676,148,210
3034,1,2677,148,210
3035,1,2678,148,210
3036,1,2679,148,210
3037,1,2680,148,210
3038,1,2681,148,210
3039,1,2682,148,210
3040,1,2683,148,210
3041,1,2684,148,210
3042,1,2685,148,210
3043,1,2686,148,210
3044,1,2687,148,210
3045,1,2688,148,210
3046,1,2689,148,210
3047,1,2690,148,210
3048,2,2690,149,210
3049,1,2691,149,210
3050,1,2692,149,210
3051,1,2693,149,210
3052,0,2693,149,211
3053,1,2694,149,211
3054,1,2695,149,211
3055,1,2696,149,211
3056,1,2697,149,211
3057,1,2698,149,211
3058,1,2699,149,211
3059,1,2700,149,211
3060,1,2701,149,211
3061,1,2702,149,211
3062,0,2702,149,212
3063,1,2703,149,212
3064,2,2703,150,212
3065,1,2704,150,212
3066,1,2705,150,212
3067,1,2706,150,212
3068,1,2707,150,212
3069,1,2708,150,212
3070,1,2709,150,212
3071,1,2710,150,212
3072,1,2711,150,212
3073,1,2712,150,212
3074,2,2712,151,212
3075,1,2713,151,212
3076,1,2714,151,212
3077,1,2715,151,212
3078,1,2716,151,212
3079,1,2717,151,212
3080,1,2718,151,212
3081,1,2719,151,212
3082,2,2719,152,212
3083,1,2720,152,212
3084,1,2721,152,212
3085,1,2722,152,212
3086,1,2723,152,212
3087,1,2724,152,212
3088,1,2725,152,212
3089,1,2726,152,212
3090,1,2727,152,212
3091,1,2728,152,212
3092,1,2729,152,212
3093,1,2730,152,212
3094,1,2731,152,212
3095,1,2732,152,212
3096,1,2733,152,212
3097,1,2734,152,212
3098,1,2735,152,212
3099,1,2736,152,212
3100,1,2737,152,212
3101,1,2738,152,212
3102,1,2739,152,212
3103,1,2740,152,212
3104,1,2741,152,212
3105,1,2742,152,212
3106,1,2743,152,212
3107,1,2744,152,212
3108,1,2745,152,212
3109,2,2745,153,212
3110,1,2746,153,212
3111,1,2747,153,212
3112,1,2748,153,212
3113,1,2749,153,212
3114,1,2750,153,212
3115,0,2750,153,213
3116,1,2751,153,213
3117,1,2752,153,213
3118,1,2753,153,213
3119,1,2754,153,213
3120,1,2755,153,213
3121,1,2756,153,213
3122,1,2757,153,213
3123,1,2758,153,213
3124,1,2759,153,213
3125,1,2760,153,213
3126,1,2761,153,213
3127,1,2762,153,213
3128,1,2763,153,213
3129,1,2764,153,213
3130,1,2765,153,213
3131,1,2766,153,213
3132,1,2767,153,213
3133,1,2768,153,213
3134,0,2768,153,214
3135,1,2769,153,214
3136,1,2770,153,214
3137,1,2771,153,214
3138,1,2772,153,214
3139,1,2773,153,214
3140,0,2773,153,215
3141,1,2774,153,215
3142,1,2775,153,215
3143,1,2776,153,215
3144,1,2777,153,215
3145,1,2778,153,215
3146,1,2779,153,215
3147,1,2780,153,215
3148,1,2781,153,215
3149,1,2782,153,215
3150,0,2782,153,216
3151,1,2783,153,216
3152,1,2784,153,216
3153,1,2785,153,216
3154,1,2786,153,216
3155,1,2787,153,216
3156,1,2788,153,216
3157,1,2789,153,216
3158,1,2790,153,216
3159,1,2791,153,216
3160,1,2792,153,216
3161,1,2793,153,216
3162,1,2794,153,216
3163,1,2795,153,216
3164,1,2796,153,216
3165,1,2797,153,216
3166,1,2798,153,216
3167,1,2799,153,216
3168,2,2799,154,216
3169,1,2800,154,216
3170,1,2801,154,216
3171,1,2802,154,216
3172,1,2803,154,216
3173,1,2804,154,216
3174,1,2805,154,216
3175,2,2805,155,216
3176,1,2806,155,216
3177,1,2807,155,216
3178,0,2807,155,217
3179,1,2808,155,217
3180,1,2809,155,217
3181,1,2810,155,217
3182,1,2811,155,217
3183,1,2812,155,217
3184,1,2813,155,217
3185,1,2814,155,217
3186,1,2815,155,217
3187,1,2816,155,217
3188,1,2817,155,217
3189,1,2818,155,217
3190,1,2819,155,217
3191,1,2820,155,217
3192,1,2821,155,217
3193,1,2822,155,217
3194,1,2823,155,217
3195,1,2824,155,217
3196,1,2825,155,217
3197,1,2826,155,217
3198,1,2827,155,217
3199,1,2828,155,217
3200,1,2829,155,217
3201,1,2830,155,217
3202,1,2831,155,217
3203,1,2832,155,217
3204,1,2833,155,217
3205,1,2834,155,217
3206,1,2835,155,217
3207,1,2836,155,217
3208,1,2837,155,217
3209,1,2838,155,217
3210,1,2839,155,217
3211,1,2840,155,217
3212,1,2841,155,217
3213,1,2842,155,217
3214,1,2843,155,217
3215,1,2844,155,217
3216,1,2845,155,217
3217,1,2846,155,217
3218,1,2847,155,217
3219,1,2848,155,217
3220,1,2849,155,217
3221,0,2849,155,218
3222,1,2850,155,218
3223,1,2851,155,218
3224,1,2852,155,218
3225,1,2853,155,218
3226,1,2854,155,218
3227,1,2855,155,218
3228,1,2856,155,218
3229,1,2857,155,218
3230,1,2858,155,218
3231,1,2859,155,218
3232,1,2860,155,218
3233,1,2861,155,218
3234,1,2862,155,218
3235,1,2863,155,218
3236,1,2864,155,218
3237,1,2865,155,218
3238,2,2865,156,218
3239,1,2866,156,218
3240,1,2867,156,218
3241,2,2867,157,218
3242,1,2868,157,218
3243,1,2869,157,218
3244,1,2870,157,218
3245,1,2871,157,218
3246,0,2871,157,219
3247,1,2872,157,219
3248,1,2873,157,219
3249,0,2873,157,220
3250,0,2873,157,221
3251,1,2874,157,221
3252,1,2875,157,221
3253,1,2876,157,221
3254,1,2877,157,221
3255,1,2878,157,221
3256,1,2879,157,221
3257,2,2879,158,221
3258,1,2880,158,221
3259,1,2881,158,221
3260,1,2882,158,221
3261,1,2883,158,221
3262,1,2884,158,221
3263,1,2885,158,221
3264,1,2886,158,221
3265,1,2887,158,221
3266,1,2888,158,221
3267,1,2889,158,221
3268,2,2889,159,221
3269,1,2890,159,221
3270,1,2891,159,221
3271,1,2892,159,221
3272,1,2893,159,221
3273,1,2894,159,221
3274,1,2895,159,221
3275,1,2896,159,221
3276,1,2897,159,221
3277,1,2898,159,221
3278,1,2899,159,221
3279,1,2900,159,221
3280,1,2901,159,221
3281,1,2902,159,221
3282,1,2903,159,221
3283,1,2904,159,221
3284,1,2905,159,221
3285,1,2906,159,221
3286,1,2907,159,221
3287,1,2908,159,221
3288,1,2909,159,221
3289,1,2910,159,221
3290,1,2911,159,221
3291,1,2912,159,221
3292,1,2913,159,221
3293,1,2914,159,221
3294,1,2915,159,221
3295,1,2916,159,221
3296,1,2917,159,221
3297,2,2917,160,221
3298,1,2918,160,221
3299,1,2919,160,221
3300,0,2919,160,222
3301,1,2920,160,222
3302,1,2921,160,222
3303,2,2921,161,222
3304,1,2922,161,222
3305,1,2923,161,222
3306,1,2924,161,222
3307,1,2925,161,222
3308,1,2926,161,222
3309,1,2927,161,222
3310,1,2928,161,222
3311,1,2929,161,222
3312,1,2930,161,222
3313,1,2931,161,222
3314,1,2932,161,222
3315,1,2933,161,222
3316,1,2934,161,222
3317,1,2935,161,222
3318,1,2936,161,222
3319,1,2937,161,222
3320,1,2938,161,222
3321,1,2939,161,222
3322,2,2939,162,222
3323,2,2939,163,222
3324,1,2940,163,222
3325,1,2941,163,222
3326,1,2942,163,222
3327,1,2943,163,222
3328,1,2944,163,222
3329,1,2945,163,222
3330,1,2946,163,222
3331,1,2947,163,222
3332,1,2948,163,222
3333,1,2949,163,222
3334,1,2950,163,222
3335,1,2951,163,222
3336,1,2952,163,222
3337,1,2953,163,222
3338,1,2954,163,222
3339,2,2954,164,222
3340,0,2954,164,223
3341,1,2955,164,223
3342,1,2956,164,223
3343,0,2956,164,224
3344,1,2957,164,224
3345,1,2958,164,224
3346,1,2959,164,224
3347,1,2960,164,224
3348,2,2960,165,224
3349,1,2961,165,224
3350,1,2962,165,224
3351,1,2963,165,224
3352,1,2964,165,224
3353,1,2965,165,224
3354,1,2966,165,224
3355,1,2967,165,224
3356,1,2968,165,224
3357,2,2968,166,224
3358,1,2969,166,224
3359,1,2970,166,224
3360,1,2971,166,224
3361,1,2972,166,224
3362,1,2973,166,224
3363,1,2974,166,224
3364,1,2975,166,224
3365,1,2976,166,224
3366,1,2977,166,224
3367,1,2978,166,224
3368,1,2979,166,224
3369,1,2980,166,224
3370,1,2981,166,224
3371,1,2982,166,224
3372,1,2983,166,224
3373,1,2984,166,224
3374,2,2984,167,224
3375,1,2985,167,224
3376,1,2986,167,224
3377,1,2987,167,224
3378,1,2988,167,224
3379,1,2989,167,224
3380,1,2990,167,224
3381,1,2991,167,224
3382,1,2992,167,224
3383,1,2993,167,224
3384,1,2994,167,224
3385,1,2995,167,224
3386,1,2996,167,224
3387,1,2997,167,224
3388,1,2998,167,224
3389,1,2999,167,224
3390,1,3000,167,224
3391,1,3001,167,224
3392,1,3002,167,224
3393,1,3003,167,224
3394,1,3004,167,224
3395,1,3005,167,224
3396,1,3006,167,224
3397,1,3007,167,224
3398,1,3008,167,224
3399,1,3009,167,224
3400,1,3010,167,224
3401,1,3011,167,224
3402,1,3012,167,224
3403,1,3013,167,224
3404,1,3014,167,224
3405,1,3015,167,224
3406,1,3016,167,224
3407,1,3017,167,224
3408,1,3018,167,224
3409,0,3018,167,225
3410,1,3019,167,225
3411,1,3020,167,225
3412,1,3021,167,225
3413,1,3022,167,225
3414,1,3023,167,225
3415,1,3024,167,225
3416,1,3025,167,225
3417,1,3026,167,225
3418,1,3027,167,225
3419,1,3028,167,225
3420,1,3029,167,225
3421,1,3030,167,225
3422,1,3031,167,225
3423,2,3031,168,225
3424,1,3032,168,225
3425,1,3033,168,225
3426,1,3034,168,225
3427,1,3035,168,225
3428,1,3036,168,225
3429,1,3037,168,225
3430,1,3038,168,225
3431,1,3039,168,225
3432,1,3040,168,225
3433,1,3041,168,225
3434,1,3042,168,225
3435,1,3043,168,225
3436,1,3044,168,225
3437,1,3045,168,225
3438,1,3046,168,225
3439,1,3047,168,225
3440,1,3048,168,225
3441,1,3049,168,225
3442,1,3050,168,225
3443,1,3051,168,225
3444,1,3052,168,225
3445,1,3053,168,225
3446,1,3054,168,225
3447,1,3055,168,225
3448,1,3056,168,225
3449,1,3057,168,225
3450,1,3058,168,225
3451,1,3059,168,225
3452,1,3060,168,225
3453,1,3061,168,225
3454,1,3062,168,225
3455,1,3063,168,225
3456,1,3064,168,225
3457,1,3065,168,225
3458,1,3066,168,225
3459,1,3067,168,225
3460,1,3068,168,225
3461,1,3069,168,225
3462,2,3069,169,225
3463,1,3070,169,225
3464,1,3071,169,225
3465,1,3072,169,225
3466,2,3072,170,225
3467,1,3073,170,225
3468,1,3074,170,225
3469,1,3075,170,225
3470,1,3076,170,225
3471,1,3077,170,225
3472,1,3078,170,225
3473,1,3079,170,225
3474,1,3080,170,225
3475,0,3080,170,226
3476,1,3081,170,226
3477,1,3082,170,226
3478,0,3082,170,227
3479,1,3083,170,227
3480,1,3084,170,227
3481,1,3085,170,227
3482,1,3086,170,227
3483,0,3086,170,228
3484,1,3087,170,228
3485,0,3087,170,229
3486,0,3087,170,230
3487,1,3088,170,230
3488,1,3089,170,230
3489,1,3090,170,230
3490,1,3091,170,230
3491,1,3092,170,230
3492,1,3093,170,230
3493,1,3094,170,230
3494,1,3095,170,230
3495,1,3096,170,230
3496,1,3097,170,230
3497,1,3098,170,230
3498,1,3099,170,230
3499,0,3099,170,231
3500,1,3100,170,231
3501,1,3101,170,231
3502,1,3102,170,231
3503,1,3103,170,231
3504,1,3104,170,231
3505,1,3105,170,231
3506,1,3106,170,231
3507,0,3106,170,232
3508,1,3107,170,232
3509,1,3108,170,232
3510,1,3109,170,232
3511,1,3110,170,232
3512,1,3111,170,232
3513,1,3112,170,232
3514,1,3113,170,232
3515,1,3114,170,232
3516,1,3115,170,232
3517,1,3116,170,232
3518,1,3117,170,232
3519,0,3117,170,233
3520,1,3118,170,233
3521,1,3119,170,233
3522,1,3120,170,233
3523,2,3120,171,233
3524,1,3121,171,233
3525,1,3122,171,233
3526,1,3123,171,233
3527,1,3124,171,233
3528,1,3125,171,233
3529,1,3126,171,233
3530,1,3127,171,233
3531,1,3128,171,233
3532,1,3129,171,233
3533,1,3130,171,233
3534,1,3131,171,233
3535,1,3132,171,233
3536,1,3133,171,233
3537,1,3134,171,233
3538,2,3134,172,233
3539,1,3135,172,233
3540,1,3136,172,233
3541,1,3137,172,233
3542,1,3138,172,233
3543,1,3139,172,233
3544,1,3140,172,233
3545,1,3141,172,233
3546,1,3142,172,233
3547,1,3143,172,233
3548,2,3143,173,233
3549,1,3144,173,233
3550,0,3144,173,234
3551,1,3145,173,234
3552,1,3146,173,234
3553,1,3147,173,234
3554,1,3148,173,234
3555,1,3149,173,234
3556,1,3150,173,234
3557,1,3151,173,234
3558,1,3152,173,234
3559,1,3153,173,234
3560,1,3154,173,234
3561,1,3155,173,234
3562,1,3156,173,234
3563,2,3156,174,234
3564,1,3157,174,234
3565,1,3158,174,234
3566,1,3159,174,234
3567,1,3160,174,234
3568,1,3161,174,234
3569,1,3162,174,234
3570,1,3163,174,234
3571,1,3164,174,234
3572,1,3165,174,234
3573,1,3166,174,234
3574,1,3167,174,234
3575,1,3168,174,234
3576,1,3169,174,234
3577,1,3170,174,234
3578,1,3171,174,234
3579,1,3172,174,234
3580,0,3172,174,235
3581,1,3173,174,235
3582,1,3174,174,235
3583,0,3174,174,236
3584,1,3175,174,236
3585,1,3176,174,236
3586,1,3177,174,236
3587,1,3178,174,236
3588,1,3179,174,236
3589,1,3180,174,236
3590,0,3180,174,237
3591,1,3181,174,237
3592,1,3182,174,237
3593,1,3183,174,237
3594,1,3184,174,237
3595,1,3185,174,237
3596,1,3186,174,237
3597,1,3187,174,237
3598,1,3188,174,237
3599,1,3189,174,237
3600,1,3190,174,237
3601,1,3191,174,237
3602,1,3192,174,237
3603,1,3193,174,237
3604,1,3194,174,237
3605,1,3195,174,237
3606,1,3196,174,237
3607,1,3197,174,237
3608,0,3197,174,238
3609,1,3198,174,238
3610,1,3199,174,238
3611,1,3200,174,238
3612,1,3201,174,238
3613,1,3202,174,238
3614,0,3202,174,239
3615,1,3203,174,239
3616,1,3204,174,239
3617,1,3205,174,239
3618,1,3206,174,239
3619,1,3207,174,239
3620,1,3208,174,239
3621,0,3208,174,240
3622,1,3209,174,240
3623,1,3210,174,240
3624,1,3211,174,240
3625,1,3212,174,240
3626,1,3213,174,240
3627,1,3214,174,240
3628,0,3214,174,241
3629,1,3215,174,241
3630,1,3216,174,241
3631,1,3217,174,241
3632,1,3218,174,241
3633,1,3219,174,241
3634,0,3219,174,242
3635,1,3220,174,242
3636,1,3221,174,242
3637,1,3222,174,242
3638,1,3223,174,242
3639,1,3224,174,242
3640,1,3225,174,242
3641,1,3226,174,242
3642,1,3227,174,242
3643,1,3228,174,242
3644,1,3229,174,242
3645,1,3230,174,242
3646,1,3231,174,242
3647,1,3232,174,242
3648,1,3233,174,242
3649,1,3234,174,242
3650,1,3235,174,242
3651,1,3236,174,242
3652,0,3236,174,243
3653,1,3237,174,243
3654,1,3238,174,243
3655,1,3239,174,243
3656,1,3240,174,243
3657,1,3241,174,243
3658,1,3242,174,243
3659,1,3243,174,243
3660,1,3244,174,243
3661,1,3245,174,243
3662,1,3246,174,243
3663,1,3247,174,243
3664,1,3248,174,243
3665,1,3249,174,243
3666,1,3250,174,243
3667,1,3251,174,243
3668,0,3251,174,244
3669,1,3252,174,244
3670,1,3253,174,244
3671,0,3253,174,245
3672,1,3254,174,245
3673,1,3255,174,245
3674,1,3256,174,245
3675,1,3257,174,245
3676,0,3257,174,246
3677,1,3258,174,246
3678,1,3259,174,246
3679,1,3260,174,246
3680,1,3261,174,246
3681,1,3262,174,246
3682,1,3263,174,246
3683,2,3263,175,246
3684,1,3264,175,246
3685,1,3265,175,246
3686,1,3266,175,246
3687,1,3267,175,246
3688,1,3268,175,246
3689,1,3269,175,246
3690,0,3269,175,247
3691,1,3270,175,247
3692,0,3270,175,248
3693,1,3271,175,248
3694,1,3272,175,248
3695,1,3273,175,248
3696,2,3273,176,248
3697,1,3274,176,248
3698,1,3275,176,248
3699,1,3276,176,248
3700,1,3277,176,248
3701,1,3278,176,248
3702,1,3279,176,248
3703,2,3279,177,248
3704,1,3280,177,248
3705,0,3280,177,249
3706,1,3281,177,249
3707,1,3282,177,249
3708,1,3283,177,249
3709,1,3284,177,249
3710,1,3285,177,249
3711,1,3286,177,249
3712,1,3287,177,249
3713,1,3288,177,249
3714,1,3289,177,249
3715,1,3290,177,249
3716,2,3290,178,249
3717,1,3291,178,249
3718,1,3292,178,249
3719,1,3293,178,249
3720,1,3294,178,249
3721,1,3295,178,249
3722,1,3296,178,249
3723,1,3297,178,249
3724,1,3298,178,249
3725,1,3299,178,249
3726,1,3300,178,249
3727,1,3301,178,249
3728,0,3301,178,250
3729,1,3302,178,250
3730,1,3303,178,250
3731,1,3304,178,250
3732,1,3305,178,250
3733,1,3306,178,250
3734,0,3306,178,251
3735,1,3307,178,251
3736,1,3308,178,251
3737,1,3309,178,251
3738,1,3310,178,251
3739,1,3311,178,251
3740,1,3312,178,251
3741,1,3313,178,251
3742,1,3314,178,251
3743,1,3315,178,251
3744,1,3316,178,251
3745,0,3316,178,252
3746,1,3317,178,252
3747,1,3318,178,252
3748,1,3319,178,252
3749,1,3320,178,252
3750,1,3321,178,252
3751,1,3322,178,252
3752,1,3323,178,252
3753,0,3323,178,253
3754,1,3324,178,253
3755,0,3324,178,254
3756,1,3325,178,254
3757,1,3326,178,254
3758,1,3327,178,254
3759,0,3327,178,255
3760,1,3328,178,255
3761,1,3329,178,255
3762,2,3329,179,255
3763,1,3330,179,255
3764,1,3331,179,255
3765,1,3332,179,255
3766,1,3333,179,255
3767,2,3333,180,255
3768,1,3334,180,255
3769,1,3335,180,255
3770,1,3336,180,255
3771,0,3336,180,256
3772,1,3337,180,256
3773,1,3338,180,256
3774,1,3339,180,256
3775,1,3340,180,256
3776,1,3341,180,256
3777,2,3341,181,256
3778,2,3341,182,256
3779,1,3342,182,256
3780,1,3343,182,256
3781,1,3344,182,256
3782,1,3345,182,256
3783,1,3346,182,256
3784,1,3347,182,256
3785,1,3348,182,256
3786,1,3349,182,256
3787,1,3350,182,256
3788,0,3350,182,257
3789,1,3351,182,257
3790,1,3352,182,257
3791,0,3352,182,258
3792,1,3353,182,258
3793,1,3354,182,258
3794,1,3355,182,258
3795,1,3356,182,258
3796,1,3357,182,258
3797,1,3358,182,258
3798,0,3358,182,259
3799,1,3359,182,259
3800,1,3360,182,259
3801,1,3361,182,259
3802,0,3361,182,260
3803,1,3362,182,260
3804,1,3363,182,260
3805,1,3364,182,260
3806,1,3365,182,260
3807,2,3365,183,260
3808,1,3366,183,260
3809,1,3367,183,260
3810,1,3368,183,260
3811,1,3369,183,260
3812,2,3369,184,260
3813,1,3370,184,260
3814,1,3371,184,260
3815,1,3372,184,260
3816,1,3373,184,260
3817,1,3374,184,260
3818,1,3375,184,260
3819,1,3376,184,260
3820,1,3377,184,260
3821,1,3378,184,260
3822,1,3379,184,260
3823,1,3380,184,260
3824,1,3381,184,260
3825,1,3382,184,260
3826,1,3383,184,260
3827,1,3384,184,260
3828,1,3385,184,260
3829,1,3386,184,260
3830,1,3387,184,260
3831,1,3388,184,260
3832,1,3389,184,260
3833,1,3390,184,260
3834,1,3391,184,260
3835,1,3392,184,260
3836,1,3393,184,260
3837,1,3394,184,260
3838,1,3395,184,260
3839,1,3396,184,260
3840,1,3397,184,260
3841,1,3398,184,260
3842,1,3399,184,260
3843,1,3400,184,260
3844,1,3401,184,260
3845,1,3402,184,260
3846,1,3403,184,260
3847,1,3404,184,260
3848,1,3405,184,260
3849,1,3406,184,260
3850,1,3407,184,260
3851,1,3408,184,260
3852,1,3409,184,260
3853,1,3410,184,260
3854,1,3411,184,260
3855,1,3412,184,260
3856,1,3413,184,260
3857,1,3414,184,260
3858,1,3415,184,260
3859,1,3416,184,260
3860,1,3417,184,260
3861,1,3418,184,260
3862,1,3419,184,260
3863,1,3420,184,260
3864,0,3420,184,261
3865,1,3421,184,261
3866,1,3422,184,261
3867,1,3423,184,261
3868,1,3424,184,261
3869,0,3424,184,262
3870,1,3425,184,262
3871,1,3426,184,262
3872,1,3427,184,262
3873,1,3428,184,262
3874,1,3429,184,262
3875,1,3430,184,262
3876,1,3431,184,262
3877,1,3432,184,262
3878,1,3433,184,262
3879,2,3433,185,262
3880,2,3433,186,262
3881,1,3434,186,262
3882,1,3435,186,262
3883,1,3436,186,262
3884,1,3437,186,262
3885,1,3438,186,262
3886,1,3439,186,262
3887,1,3440,186,262
3888,1,3441,186,262
3889,1,3442,186,262
3890,1,3443,186,262
3891,1,3444,186,262
3892,1,3445,186,262
3893,1,3446,186,262
3894,0,3446,186,263
3895,1,3447,186,263
3896,1,3448,186,263
3897,1,3449,186,263
3898,1,3450,186,263
3899,1,3451,186,263
3900,1,3452,186,263
3901,1,3453,186,263
3902,1,3454,186,263
3903,1,3455,186,263
3904,0,3455,186,264
3905,0,3455,186,265
3906,1,3456,186,265
3907,1,3457,186,265
3908,1,3458,186,265
3909,1,3459,186,265
3910,0,3459,186,266
3911,1,3460,186,266
3912,1,3461,186,266
3913,1,3462,186,266
3914,1,3463,186,266
3915,1,3464,186,266
3916,1,3465,186,266
3917,1,3466,186,266
3918,1,3467,186,266
3919,1,3468,186,266
3920,1,3469,186,266
3921,1,3470,186,266
3922,1,3471,186,266
3923,1,3472,186,266
3924,1,3473,186,266
3925,1,3474,186,266
3926,1,3475,186,266
3927,1,3476,186,266
3928,1,3477,186,266
3929,1,3478,186,266
3930,1,3479,186,266
3931,1,3480,186,266
3932,1,3481,186,266
3933,1,3482,186,266
3934,1,3483,186,266
3935,1,3484,186,266
3936,1,3485,186,266
3937,1,3486,186,266
3938,2,3486,187,266
3939,0,3486,187,267
3940,1,3487,187,267
3941,1,3488,187,267
3942,1,3489,187,267
3943,1,3490,187,267
3944,1,3491,187,267
3945,1,3492,187,267
3946,1,3493,187,267
3947,1,3494,187,267
3948,1,3495,187,267
3949,1,3496,187,267
3950,1,3497,187,267
3951,1,3498,187,267
3952,1,3499,187,267
3953,1,3500,187,267
3954,1,3501,187,267
3955,1,3502,187,267
3956,1,3503,187,267
3957,1,3504,187,267
3958,1,3505,187,267
3959,0,3505,187,268
3960,1,3506,187,268
3961,1,3507,187,268
3962,0,3507,187,269
3963,1,3508,187,269
3964,0,3508,187,270
3965,1,3509,187,270
3966,1,3510,187,270
3967,1,3511,187,270
3968,1,3512,187,270
3969,1,3513,187,270
3970,1,3514,187,270
3971,1,3515,187,270
3972,1,3516,187,270
3973,1,3517,187,270
3974,1,3518,187,270
3975,0,3518,187,271
3976,1,3519,187,271
3977,0,3519,187,272
3978,1,3520,187,272
3979,0,3520,187,273
3980,0,3520,187,274
3981,1,3521,187,274
3982,1,3522,187,274
3983,1,3523,187,274
3984,2,3523,188,274
3985,1,3524,188,274
3986,1,3525,188,274
3987,1,3526,188,274
3988,1,3527,188,274
3989,1,3528,188,274
3990,1,3529,188,274
3991,1,3530,188,274
3992,1,3531,188,274
3993,1,3532,188,274
3994,1,3533,188,274
3995,1,3534,188,274
3996,2,3534,189,274
3997,1,3535,189,274
3998,1,3536,189,274
3999,1,3537,189,274
4000,2,3537,190,274
4001,2,3537,191,274
4002,1,3538,191,274
4003,1,3539,191,274
4004,1,3540,191,274
4005,1,3541,191,274
4006,1,3542,191,274
4007,1,3543,191,274
4008,1,3544,191,274
4009,1,3545,191,274
4010,0,3545,191,275
4011,0,3545,191,276
4012,1,3546,191,276
4013,1,3547,191,276
4014,1,3548,191,276
4015,1,3549,191,276
4016,1,3550,191,276
4017,1,3551,191,276
4018,1,3552,191,276
4019,1,3553,191,276
4020,0,3553,191,277
4021,1,3554,191,277
4022,2,3554,192,277
4023,1,3555,192,277
4024,1,3556,192,277
4025,1,3557,192,277
4026,1,3558,192,277
4027,1,3559,192,277
4028,1,3560,192,277
4029,1,3561,192,277
4030,2,3561,193,277
4031,1,3562,193,277
4032,1,3563,193,277
4033,1,3564,193,277
4034,1,3565,193,277
4035,0,3565,193,278
4036,1,3566,193,278
4037,0,3566,193,279
4038,1,3567,193,279
4039,1,3568,193,279
4040,1,3569,193,279
4041,1,3570,193,279
4042,1,3571,193,279
4043,2,3571,194,279
4044,1,3572,194,279
4045,1,3573,194,279
4046,1,3574,194,279
4047,1,3575,194,279
4048,1,3576,194,279
4049,1,3577,194,279
4050,1,3578,194,279
4051,1,3579,194,279
4052,1,3580,194,279
4053,1,3581,194,279
4054,1,3582,194,279
4055,1,3583,194,279
4056,1,3584,194,279
4057,1,3585,194,279
4058,1,3586,194,279
4059,1,3587,194,279
4060,1,3588,194,279
4061,1,3589,194,279
4062,1,3590,194,279
4063,2,3590,195,279
4064,1,3591,195,279
4065,1,3592,195,279
4066,1,3593,195,279
4067,1,3594,195,279
4068,1,3595,195,279
4069,1,3596,195,279
4070,1,3597,195,279
4071,1,3598,195,279
4072,1,3599,195,279
4073,1,3600,195,279
4074,1,3601,195,279
4075,1,3602,195,279
4076,1,3603,195,279
4077,1,3604,195,279
4078,1,3605,195,279
4079,1,3606,195,279
4080,1,3607,195,279
4081,1,3608,195,279
4082,1,3609,195,279
4083,1,3610,195,279
4084,1,3611,195,279
4085,1,3612,195,279
4086,1,3613,195,279
4087,1,3614,195,279
4088,1,3615,195,279
4089,1,3616,195,279
4090,1,3617,195,279
4091,1,3618,195,279
4092,1,3619,195,279
4093,1,3620,195,279
4094,1,3621,195,279
4095,1,3622,195,279
4096,1,3623,195,279
4097,1,3624,195,279
4098,0,3624,195,280
4099,1,3625,195,280
4100,1,3626,195,280
4101,2,3626,196,280
4102,1,3627,196,280
4103,1,3628,196,280
4104,1,3629,196,280
4105,1,3630,196,280
4106,1,3631,196,280
4107,1,3632,196,280
4108,1,3633,196,280
4109,1,3634,196,280
4110,1,3635,196,280
4111,1,3636,196,280
4112,1,3637,196,280
4113,1,3638,196,280
4114,1,3639,196,280
4115,1,3640,196,280
4116,1,3641,196,280
4117,1,3642,196,280
4118,1,3643,196,280
4119,1,3644,196,280
4120,1,3645,196,280
4121,1,3646,196,280
4122,1,3647,196,280
4123,1,3648,196,280
4124,1,3649,196,280
4125,1,3650,196,280
4126,1,3651,196,280
4127,1,3652,196,280
4128,1,3653,196,280
4129,1,3654,196,280
4130,1,3655,196,280
4131,1,3656,196,280
4132,1,3657,196,280
4133,1,3658,196,280
4134,1,3659,196,280
4135,1,3660,196,280
4136,1,3661,196,280
4137,1,3662,196,280
4138,0,3662,196,281
4139,1,3663,196,281
4140,1,3664,196,281
4141,1,3665,196,281
4142,1,3666,196,281
4143,1,3667,196,281
4144,1,3668,196,281
4145,1,3669,196,281
4146,1,3670,196,281
4147,1,3671,196,281
4148,1,3672,196,281
4149,1,3673,196,281
4150,1,3674,196,281
4151,1,3675,196,281
4152,1,3676,196,281
4153,1,3677,196,281
4154,1,3678,196,281
4155,1,3679,196,281
4156,1,3680,196,281
4157,1,3681,196,281
4158,1,3682,196,281
4159,1,3683,196,281
4160,1,3684,196,281
4161,1,3685,196,281
4162,1,3686,196,281
4163,0,3686,196,282
4164,1,3687,196,282
4165,1,3688,196,282
4166,1,3689,196,282
4167,0,3689,196,283
4168,1,3690,196,283
4169,2,3690,197,283
4170,1,3691,197,283
4171,1,3692,197,283
4172,1,3693,197,283
4173,1,3694,197,283
4174,1,3695,197,283
4175,1,3696,197,283
4176,1,3697,197,283
4177,1,3698,197,283
4178,1,3699,197,283
4179,0,3699,197,284
4180,1,3700,197,284
4181,1,3701,197,284
4182,1,3702,197,284
4183,1,3703,197,284
4184,1,3704,197,284
4185,1,3705,197,284
4186,1,3706,197,284
4187,1,3707,197,284
4188,0,3707,197,285
4189,1,3708,197,285
4190,1,3709,197,285
4191,1,3710,197,285
4192,1,3711,197,285
4193,1,3712,197,285
4194,1,3713,197,285
4195,1,3714,197,285
4196,1,3715,197,285
4197,1,3716,197,285
4198,1,3717,197,285
4199,1,3718,197,285
4200,1,3719,197,285
4201,1,3720,197,285
4202,1,3721,197,285
4203,1,3722,197,285
4204,1,3723,197,285
4205,1,3724,197,285
4206,1,3725,197,285
4207,1,3726,197,285
4208,1,3727,197,285
4209,1,3728,197,285
4210,1,3729,197,285
4211,1,3730,197,285
4212,1,3731,197,285
4213,1,3732,197,285
4214,1,3733,197,285
4215,0,3733,197,286
4216,1,3734,197,286
4217,1,3735,197,286
4218,1,3736,197,286
4219,1,3737,197,286
4220,0,3737,197,287
4221,1,3738,197,287
4222,2,3738,198,287
4223,1,3739,198,287
4224,1,3740,198,287
4225,1,3741,198,287
4226,0,3741,198,288
4227,1,3742,198,288
4228,1,3743,198,288
4229,1,3744,198,288
4230,1,3745,198,288
4231,1,3746,198,288
4232,0,3746,198,289
4233,1,3747,198,289
4234,1,3748,198,289
4235,1,3749,198,289
4236,1,3750,198,289
4237,1,3751,198,289
4238,1,3752,198,289
4239,1,3753,198,289
4240,1,3754,198,289
4241,1,3755,198,289
4242,1,3756,198,289
4243,1,3757,198,289
4244,1,3758,198,289
4245,1,3759,198,289
4246,1,3760,198,289
4247,1,3761,198,289
4248,1,3762,198,289
4249,1,3763,198,289
4250,1,3764,198,289
4251,1,3765,198,289
4252,1,3766,198,289
4253,0,3766,198,290
4254,1,3767,198,290
4255,1,3768,198,290
4256,1,3769,198,290
4257,1,3770,198,290
4258,1,3771,198,290
4259,1,3772,198,290
4260,0,3772,198,291
4261,1,3773,198,291
4262,1,3774,198,291
4263,1,3775,198,291
4264,1,3776,198,291
4265,1,3777,198,291
4266,1,3778,198,291
4267,1,3779,198,291
4268,1,3780,198,291
4269,1,3781,198,291
4270,1,3782,198,291
4271,1,3783,198,291
4272,2,3783,199,291
4273,1,3784,199,291
4274,1,3785,199,291
4275,1,3786,199,291
4276,0,3786,199,292
4277,1,3787,199,292
4278,1,3788,199,292
4279,1,3789,199,292
4280,1,3790,199,292
4281,1,3791,199,292
4282,1,3792,199,292
4283,1,3793,199,292
4284,1,3794,199,292
4285,1,3795,199,292
4286,1,3796,199,292
4287,1,3797,199,292
4288,1,3798,199,292
4289,1,3799,199,292
4290,1,3800,199,292
4291,1,3801,199,292
4292,1,3802,199,292
4293,1,3803,199,292
4294,1,3804,199,292
4295,1,3805,199,292
4296,1,3806,199,292
4297,1,3807,199,292
4298,1,3808,199,292
4299,1,3809,199,292
4300,1,3810,199,292
4301,0,3810,199,293
4302,0,3810,199,294
4303,1,3811,199,294
4304,1,3812,199,294
4305,1,3813,199,294
4306,1,3814,199,294
4307,1,3815,199,294
4308,1,3816,199,294
4309,1,3817,199,294
4310,1,3818,199,294
4311,1,3819,199,294
4312,1,3820,199,294
4313,2,3820,200,294
4314,1,3821,200,294
4315,1,3822,200,294
4316,1,3823,200,294
4317,0,3823,200,295
4318,1,3824,200,295
4319,1,3825,200,295
4320,1,3826,200,295
4321,1,3827,200,295
4322,1,3828,200,295
4323,1,3829,200,295
4324,1,3830,200,295
4325,1,3831,200,295
4326,1,3832,200,295
4327,1,3833,200,295
4328,1,3834,200,295
4329,1,3835,200,295
4330,1,3836,200,295
4331,1,3837,200,295
4332,1,3838,200,295
4333,1,3839,200,295
4334,1,3840,200,295
4335,2,3840,201,295
4336,1,3841,201,295
4337,1,3842,201,295
4338,1,3843,201,295
4339,1,3844,201,295
4340,1,3845,201,295
4341,1,3846,201,295
4342,1,3847,201,295
4343,1,3848,201,295
4344,1,3849,201,295
4345,1,3850,201,295
4346,1,3851,201,295
4347,1,3852,201,295
4348,1,3853,201,295
4349,2,3853,202,295
4350,1,3854,202,295
4351,1,3855,202,295
4352,1,3856,202,295
4353,1,3857,202,295
4354,1,3858,202,295
4355,1,3859,202,295
4356,0,3859,202,296
4357,1,3860,202,296
4358,1,3861,202,296
4359,1,3862,202,296
4360,1,3863,202,296
4361,1,3864,202,296
4362,1,3865,202,296
4363,1,3866,202,296
4364,1,3867,202,296
4365,1,3868,202,296
4366,1,3869,202,296
4367,1,3870,202,296
4368,1,3871,202,296
4369,1,3872,202,296
4370,1,3873,202,296
4371,1,3874,202,296
4372,1,3875,202,296
4373,1,3876,202,296
4374,1,3877,202,296
4375,1,3878,202,296
4376,1,3879,202,296
4377,1,3880,202,296
4378,1,3881,202,296
4379,1,3882,202,296
4380,1,3883,202,296
4381,1,3884,202,296
4382,1,3885,202,296
4383,1,3886,202,296
4384,1,3887,202,296
4385,1,3888,202,296
4386,1,3889,202,296
4387,1,3890,202,296
4388,0,3890,202,297
4389,1,3891,202,297
4390,1,3892,202,297
4391,1,3893,202,297
4392,1,3894,202,297
4393,1,3895,202,297
4394,1,3896,202,297
4395,1,3897,202,297
4396,1,3898,202,297
4397,1,3899,202,297
4398,1,3900,202,297
4399,0,3900,202,298
4400,1,3901,202,298
4401,0,3901,202,299
4402,1,3902,202,299
4403,1,3903,202,299
4404,2,3903,203,299
4405,1,3904,203,299
4406,1,3905,203,299
4407,1,3906,203,299
4408,1,3907,203,299
4409,1,3908,203,299
4410,1,3909,203,299
4411,1,3910,203,299
4412,1,3911,203,299
4413,1,3912,203,299
4414,1,3913,203,299
4415,1,3914,203,299
4416,1,3915,203,299
4417,1,3916,203,299
4418,1,3917,203,299
4419,1,3918,203,299
4420,1,3919,203,299
4421,1,3920,203,299
4422,1,3921,203,299
4423,1,3922,203,299
4424,1,3923,203,299
4425,1,3924,203,299
4426,1,3925,203,299
4427,1,3926,203,299
4428,1,3927,203,299
4429,1,3928,203,299
4430,1,3929,203,299
4431,1,3930,203,299
4432,1,3931,203,299
4433,1,3932,203,299
4434,1,3933,203,299
4435,0,3933,203,300
4436,1,3934,203,300
4437,1,3935,203,300
4438,1,3936,203,300
4439,1,3937,203,300
4440,1,3938,203,300
4441,1,3939,203,300
4442,1,3940,203,300
4443,0,3940,203,301
4444,1,3941,203,301
4445,1,3942,203,301
4446,1,3943,203,301
4447,1,3944,203,301
4448,1,3945,203,301
4449,1,3946,203,301
4450,1,3947,203,301
4451,1,3948,203,301
4452,1,3949,203,301
4453,1,3950,203,301
4454,1,3951,203,301
4455,1,3952,203,301
4456,1,3953,203,301
4457,1,3954,203,301
4458,1,3955,203,301
4459,1,3956,203,301
4460,1,3957,203,301
4461,1,3958,203,301
4462,1,3959,203,301
4463,1,3960,203,301
4464,1,3961,203,301
4465,1,3962,203,301
4466,1,3963,203,301
4467,1,3964,203,301
4468,1,3965,203,301
4469,1,3966,203,301
4470,1,3967,203,301
4471,1,3968,203,301
4472,1,3969,203,301
4473,1,3970,203,301
4474,1,3971,203,301
4475,1,3972,203,301
4476,1,3973,203,301
4477,1,3974,203,301
4478,1,3975,203,301
4479,1,3976,203,301
4480,1,3977,203,301
4481,1,3978,203,301
4482,1,3979,203,301
4483,1,3980,203,301
4484,1,3981,203,301
4485,1,3982,203,301
4486,1,3983,203,301
4487,1,3984,203,301
4488,1,3985,203,301
4489,1,3986,203,301
4490,1,3987,203,301
4491,1,3988,203,301
4492,1,3989,203,301
4493,1,3990,203,301
4494,1,3991,203,301
4495,1,3992,203,301
4496,0,3992,203,302
4497,1,3993,203,302
4498,1,3994,203,302
4499,1,3995,203,302
4500,1,3996,203,302
4501,1,3997,203,302
4502,1,3998,203,302
4503,1,3999,203,302
4504,1,4000,203,302
4505,1,4001,203,302
4506,1,4002,203,302
4507,1,4003,203,302
4508,1,4004,203,302
4509,1,4005,203,302
4510,1,4006,203,302
4511,1,4007,203,302
4512,1,4008,203,302
4513,1,4009,203,302
4514,1,4010,203,302
4515,2,4010,204,302
4516,1,4011,204,302
4517,2,4011,205,302
4518,1,4012,205,302
4519,1,4013,205,302
4520,1,4014,205,302
4521,1,4015,205,302
4522,1,4016,205,302
4523,1,4017,205,302
4524,1,4018,205,302
4525,2,4018,206,302
4526,1,4019,206,302
4527,1,4020,206,302
4528,1,4021,206,302
4529,1,4022,206,302
4530,2,4022,207,302
4531,2,4022,208,302
4532,1,4023,208,302
4533,1,4024,208,302
4534,1,4025,208,302
4535,1,4026,208,302
4536,1,4027,208,302
4537,1,4028,208,302
4538,1,4029,208,302
4539,0,4029,208,303
4540,1,4030,208,303
4541,1,4031,208,303
4542,1,4032,208,303
4543,2,4032,209,303
4544,1,4033,209,303
4545,1,4034,209,303
4546,1,4035,209,303
4547,1,4036,209,303
4548,0,4036,209,304
4549,1,4037,209,304
4550,1,4038,209,304
4551,1,4039,209,304
4552,2,4039,210,304
4553,1,4040,210,304
4554,1,4041,210,304
4555,1,4042,210,304
4556,1,4043,210,304
4557,0,4043,210,305
4558,1,4044,210,305
4559,1,4045,210,305
4560,1,4046,210,305
4561,2,4046,211,305
4562,1,4047,211,305
4563,1,4048,211,305
4564,0,4048,211,306
4565,1,4049,211,306
4566,1,4050,211,306
4567,1,4051,211,306
4568,1,4052,211,306
4569,0,4052,211,307
4570,1,4053,211,307
4571,1,4054,211,307
4572,1,4055,211,307
4573,0,4055,211,308
4574,1,4056,211,308
4575,1,4057,211,308
4576,1,4058,211,308
4577,0,4058,211,309
4578,1,4059,211,309
4579,1,4060,211,309
4580,1,4061,211,309
4581,1,4062,211,309
4582,1,4063,211,309
4583,1,4064,211,309
4584,1,4065,211,309
4585,0,4065,211,310
4586,1,4066,211,310
4587,1,4067,211,310
4588,1,4068,211,310
4589,1,4069,211,310
4590,1,4070,211,310
4591,1,4071,211,310
4592,1,4072,211,310
4593,1,4073,211,310
4594,1,4074,211,310
4595,1,4075,211,310
4596,1,4076,211,310
4597,1,4077,211,310
4598,1,4078,211,310
4599,1,4079,211,310
4600,1,4080,211,310
4601,1,4081,211,310
4602,1,4082,211,310
4603,1,4083,211,310
4604,1,4084,211,310
4605,0,4084,211,311
4606,1,4085,211,311
4607,1,4086,211,311
4608,1,4087,211,311
4609,1,4088,211,311
4610,1,4089,211,311
4611,1,4090,211,311
4612,1,4091,211,311
4613,1,4092,211,311
4614,1,4093,211,311
4615,1,4094,211,311
4616,1,4095,211,311
4617,1,4096,211,311
4618,1,4097,211,311
4619,1,4098,211,311
4620,1,4099,211,311
4621,1,4100,211,311
4622,1,4101,211,311
4623,1,4102,211,311
4624,2,4102,212,311
4625,1,4103,212,311
4626,1,4104,212,311
4627,1,4105,212,311
4628,1,4106,212,311
4629,1,4107,212,311
4630,1,4108,212,311
4631,1,4109,212,311
4632,1,4110,212,311
4633,1,4111,212,311
4634,1,4112,212,311
4635,1,4113,212,311
4636,1,4114,212,311
4637,1,4115,212,311
4638,1,4116,212,311
4639,1,4117,212,311
4640,0,4117,212,312
4641,1,4118,212,312
4642,1,4119,212,312
4643,1,4120,212,312
4644,1,4121,212,312
4645,1,4122,212,312
4646,1,4123,212,312
4647,1,4124,212,312
4648,1,4125,212,312
4649,1,4126,212,312
4650,1,4127,212,312
4651,1,4128,212,312
4652,1,4129,212,312
4653,1,4130,212,312
4654,1,4131,212,312
4655,2,4131,213,312
4656,1,4132,213,312
4657,1,4133,213,312
4658,1,4134,213,312
4659,1,4135,213,312
4660,0,4135,213,313
4661,1,4136,213,313
4662,1,4137,213,313
4663,1,4138,213,313
4664,1,4139,213,313
4665,1,4140,213,313
4666,1,4141,213,313
4667,2,4141,214,313
4668,0,4141,214,314
4669,1,4142,214,314
4670,1,4143,214,314
4671,1,4144,214,314
4672,1,4145,214,314
4673,1,4146,214,314
4674,1,4147,214,314
4675,1,4148,214,314
4676,1,4149,214,314
4677,1,4150,214,314
4678,1,4151,214,314
4679,1,4152,214,314
4680,2,4152,215,314
4681,1,4153,215,314
4682,1,4154,215,314
4683,1,4155,215,314
4684,1,4156,215,314
4685,1,4157,215,314
4686,1,4158,215,314
4687,1,4159,215,314
4688,1,4160,215,314
4689,1,4161,215,314
4690,1,4162,215,314
4691,0,4162,215,315
4692,1,4163,215,315
4693,1,4164,215,315
4694,1,4165,215,315
4695,1,4166,215,315
4696,1,4167,215,315
4697,1,4168,215,315
4698,1,4169,215,315
4699,1,4170,215,315
4700,1,4171,215,315
4701,1,4172,215,315
4702,1,4173,215,315
4703,1,4174,215,315
4704,1,4175,215,315
4705,2,4175,216,315
4706,1,4176,216,315
4707,0,4176,216,316
4708,1,4177,216,316
4709,1,4178,216,316
4710,1,4179,216,316
4711,1,4180,216,316
4712,1,4181,216,316
4713,1,4182,216,316
4714,1,4183,216,316
4715,1,4184,216,316
4716,1,4185,216,316
4717,1,4186,216,316
4718,1,4187,216,316
4719,1,4188,216,316
4720,1,4189,216,316
4721,1,4190,216,316
4722,1,4191,216,316
4723,1,4192,216,316
4724,1,4193,216,316
4725,1,4194,216,316
4726,1,4195,216,316
4727,1,4196,216,316
4728,1,4197,216,316
4729,1,4198,216,316
4730,1,4199,216,316
4731,1,4200,216,316
4732,1,4201,216,316
4733,1,4202,216,316
4734,1,4203,216,316
4735,1,4204,216,316
4736,1,4205,216,316
4737,1,4206,216,316
4738,2,4206,217,316
4739,1,4207,217,316
4740,0,4207,217,317
4741,1,4208,217,317
4742,1,4209,217,317
4743,1,4210,217,317
4744,1,4211,217,317
4745,1,4212,217,317
4746,1,4213,217,317
4747,1,4214,217,317
4748,1,4215,217,317
4749,1,4216,217,317
4750,1,4217,217,317
4751,1,4218,217,317
4752,1,4219,217,317
4753,2,4219,218,317
4754,1,4220,218,317
4755,1,4221,218,317
4756,1,4222,218,317
4757,2,4222,219,317
4758,1,4223,219,317
4759,1,4224,219,317
4760,1,4225,219,317
4761,1,4226,219,317
4762,1,4227,219,317
4763,1,4228,219,317
4764,1,4229,219,317
4765,1,4230,219,317
4766,1,4231,219,317
4767,1,4232,219,317
4768,1,4233,219,317
4769,1,4234,219,317
4770,1,4235,219,317
4771,0,4235,219,318
4772,1,4236,219,318
4773,0,4236,219,319
4774,1,4237,219,319
4775,1,4238,219,319
4776,1,4239,219,319
4777,1,4240,219,319
4778,1,4241,219,319
4779,0,4241,219,320
4780,1,4242,219,320
4781,1,4243,219,320
4782,1,4244,219,320
4783,1,4245,219,320
4784,1,4246,219,320
4785,1,4247,219,320
4786,1,4248,219,320
4787,0,4248,219,321
4788,1,4249,219,321
4789,1,4250,219,321
4790,1,4251,219,321
4791,1,4252,219,321
4792,0,4252,219,322
4793,1,4253,219,322
4794,1,4254,219,322
4795,1,4255,219,322
4796,1,4256,219,322
4797,2,4256,220,322
4798,2,4256,221,322
4799,1,4257,221,322
4800,1,4258,221,322
4801,1,4259,221,322
4802,1,4260,221,322
4803,2,4260,222,322
4804,1,4261,222,322
4805,1,4262,222,322
4806,1,4263,222,322
4807,1,4264,222,322
4808,1,4265,222,322
4809,1,4266,222,322
4810,1,4267,222,322
4811,0,4267,222,323
4812,1,4268,222,323
4813,1,4269,222,323
4814,0,4269,222,324
4815,0,4269,222,325
4816,1,4270,222,325
4817,1,4271,222,325
4818,1,4272,222,325
4819,1,4273,222,325
4820,0,4273,222,326
4821,1,4274,222,326
4822,1,4275,222,326
4823,1,4276,222,326
4824,1,4277,222,326
4825,1,4278,222,326
4826,1,4279,222,326
4827,1,4280,222,326
4828,1,4281,222,326
4829,1,4282,222,326
4830,1,4283,222,326
4831,1,4284,222,326
4832,1,4285,222,326
4833,1,4286,222,326
4834,1,4287,222,326
4835,1,4288,222,326
4836,1,4289,222,326
